ISO-10303-21;
HEADER;
FILE_DESCRIPTION(('FreeCAD Model'),'2;1');
FILE_NAME('Open CASCADE Shape Model','2026-10-06T01:45:03',('Author'),(
    ''),'Open CASCADE STEP processor 7.9','FreeCAD','Unknown');
FILE_SCHEMA(('AUTOMOTIVE_DESIGN { 1 0 10303 214 1 1 1 1 }'));
ENDSEC;
DATA;
#1 = APPLICATION_PROTOCOL_DEFINITION('international standard',
  'automotive_design',2000,#2);
#2 = APPLICATION_CONTEXT(
  'core data for automotive mechanical design processes');
#3 = SHAPE_DEFINITION_REPRESENTATION(#4,#10);
#4 = PRODUCT_DEFINITION_SHAPE('','',#5);
#5 = PRODUCT_DEFINITION('design','',#6,#9);
#6 = PRODUCT_DEFINITION_FORMATION('','',#7);
#7 = PRODUCT('X_Axis_Motor_Mount','X_Axis_Motor_Mount','',(#8));
#8 = PRODUCT_CONTEXT('',#2,'mechanical');
#9 = PRODUCT_DEFINITION_CONTEXT('part definition',#2,'design');
#10 = ADVANCED_BREP_SHAPE_REPRESENTATION('',(#11,#15),#4259);
#11 = AXIS2_PLACEMENT_3D('',#12,#13,#14);
#12 = CARTESIAN_POINT('',(0.,0.,0.));
#13 = DIRECTION('',(0.,0.,1.));
#14 = DIRECTION('',(1.,0.,-0.));
#15 = MANIFOLD_SOLID_BREP('',#16);
#16 = CLOSED_SHELL('',(#17,#59,#82,#124,#147,#189,#212,#254,#277,#319,
    #352,#394,#436,#478,#520,#562,#595,#637,#679,#721,#763,#805,#847,
    #889,#931,#953,#975,#997,#1019,#1051,#1074,#1106,#1129,#1161,#1184,
    #1216,#1239,#1261,#1286,#1346,#1386,#1426,#1713,#2000,#2040,#2065,
    #2125,#2165,#2225,#2265,#2325,#2365,#2405,#2422,#2440,#2457,#2475,
    #2492,#2510,#2527,#2545,#2569,#2593,#2617,#2641,#2681,#2721,#2745,
    #2769,#2793,#2817,#2841,#2865,#2889,#2913,#2937,#2961,#2985,#3009,
    #3033,#3057,#3069,#3081,#3093,#3105,#3117,#3129,#3141,#3153,#3175,
    #3192,#3209,#3226,#3243,#3260,#3277,#3294,#3311,#3328,#3345,#3357,
    #3374,#3391,#3408,#3425,#3442,#3459,#3476,#3493,#3510,#3527,#3544,
    #3561,#3578,#3595,#3612,#3624,#3636,#3648,#3660,#3672,#3694,#3711,
    #3728,#3745,#3762,#3779,#3791,#3808,#3825,#3842,#3859,#3876,#3893,
    #3910,#3927,#3944,#3961,#3978,#3995,#4012,#4029,#4046,#4063,#4080,
    #4097,#4114,#4131,#4143,#4160,#4172,#4189,#4201,#4218,#4230,#4247));
#17 = ADVANCED_FACE('',(#18),#54,.F.);
#18 = FACE_BOUND('',#19,.F.);
#19 = EDGE_LOOP('',(#20,#30,#39,#47));
#20 = ORIENTED_EDGE('',*,*,#21,.T.);
#21 = EDGE_CURVE('',#22,#24,#26,.T.);
#22 = VERTEX_POINT('',#23);
#23 = CARTESIAN_POINT('',(24.748737341529,15.891420021395,
    -23.09873734153));
#24 = VERTEX_POINT('',#25);
#25 = CARTESIAN_POINT('',(24.748737341529,25.,-23.09873734153));
#26 = LINE('',#27,#28);
#27 = CARTESIAN_POINT('',(24.748737341529,25.,-23.09873734153));
#28 = VECTOR('',#29,1.);
#29 = DIRECTION('',(-0.,1.,-0.));
#30 = ORIENTED_EDGE('',*,*,#31,.F.);
#31 = EDGE_CURVE('',#32,#24,#34,.T.);
#32 = VERTEX_POINT('',#33);
#33 = CARTESIAN_POINT('',(24.748737341529,25.,-26.39873734153));
#34 = CIRCLE('',#35,1.65);
#35 = AXIS2_PLACEMENT_3D('',#36,#37,#38);
#36 = CARTESIAN_POINT('',(24.748737341529,25.,-24.74873734153));
#37 = DIRECTION('',(-0.,1.,0.));
#38 = DIRECTION('',(0.,0.,1.));
#39 = ORIENTED_EDGE('',*,*,#40,.F.);
#40 = EDGE_CURVE('',#41,#32,#43,.T.);
#41 = VERTEX_POINT('',#42);
#42 = CARTESIAN_POINT('',(24.748737341529,15.891420021395,
    -26.39873734153));
#43 = LINE('',#44,#45);
#44 = CARTESIAN_POINT('',(24.748737341529,25.,-26.39873734153));
#45 = VECTOR('',#46,1.);
#46 = DIRECTION('',(-0.,1.,-0.));
#47 = ORIENTED_EDGE('',*,*,#48,.T.);
#48 = EDGE_CURVE('',#41,#22,#49,.T.);
#49 = CIRCLE('',#50,1.65);
#50 = AXIS2_PLACEMENT_3D('',#51,#52,#53);
#51 = CARTESIAN_POINT('',(24.748737341529,15.891420021395,
    -24.74873734153));
#52 = DIRECTION('',(-0.,1.,0.));
#53 = DIRECTION('',(0.,0.,1.));
#54 = CYLINDRICAL_SURFACE('',#55,1.65);
#55 = AXIS2_PLACEMENT_3D('',#56,#57,#58);
#56 = CARTESIAN_POINT('',(24.748737341529,25.,-24.74873734153));
#57 = DIRECTION('',(-0.,1.,-0.));
#58 = DIRECTION('',(0.,0.,1.));
#59 = ADVANCED_FACE('',(#60),#77,.F.);
#60 = FACE_BOUND('',#61,.F.);
#61 = EDGE_LOOP('',(#62,#63,#71));
#62 = ORIENTED_EDGE('',*,*,#48,.F.);
#63 = ORIENTED_EDGE('',*,*,#64,.F.);
#64 = EDGE_CURVE('',#65,#41,#67,.T.);
#65 = VERTEX_POINT('',#66);
#66 = CARTESIAN_POINT('',(24.748737341529,14.9,-24.74873734153));
#67 = LINE('',#68,#69);
#68 = CARTESIAN_POINT('',(24.748737341529,15.891420021395,
    -26.39873734153));
#69 = VECTOR('',#70,1.);
#70 = DIRECTION('',(1.E-16,0.51503807491,-0.857167300702));
#71 = ORIENTED_EDGE('',*,*,#72,.T.);
#72 = EDGE_CURVE('',#65,#22,#73,.T.);
#73 = LINE('',#74,#75);
#74 = CARTESIAN_POINT('',(24.748737341529,15.891420021395,
    -23.09873734153));
#75 = VECTOR('',#76,1.);
#76 = DIRECTION('',(0.,0.51503807491,0.857167300702));
#77 = CONICAL_SURFACE('',#78,1.65,1.029744258677);
#78 = AXIS2_PLACEMENT_3D('',#79,#80,#81);
#79 = CARTESIAN_POINT('',(24.748737341529,15.891420021395,
    -24.74873734153));
#80 = DIRECTION('',(-0.,1.,-0.));
#81 = DIRECTION('',(0.,0.,1.));
#82 = ADVANCED_FACE('',(#83),#119,.F.);
#83 = FACE_BOUND('',#84,.F.);
#84 = EDGE_LOOP('',(#85,#95,#104,#112));
#85 = ORIENTED_EDGE('',*,*,#86,.T.);
#86 = EDGE_CURVE('',#87,#89,#91,.T.);
#87 = VERTEX_POINT('',#88);
#88 = CARTESIAN_POINT('',(24.748737341529,15.891420021395,26.39873734153
    ));
#89 = VERTEX_POINT('',#90);
#90 = CARTESIAN_POINT('',(24.748737341529,25.,26.39873734153));
#91 = LINE('',#92,#93);
#92 = CARTESIAN_POINT('',(24.748737341529,25.,26.39873734153));
#93 = VECTOR('',#94,1.);
#94 = DIRECTION('',(-0.,1.,-0.));
#95 = ORIENTED_EDGE('',*,*,#96,.F.);
#96 = EDGE_CURVE('',#97,#89,#99,.T.);
#97 = VERTEX_POINT('',#98);
#98 = CARTESIAN_POINT('',(24.748737341529,25.,23.09873734153));
#99 = CIRCLE('',#100,1.65);
#100 = AXIS2_PLACEMENT_3D('',#101,#102,#103);
#101 = CARTESIAN_POINT('',(24.748737341529,25.,24.74873734153));
#102 = DIRECTION('',(-0.,1.,0.));
#103 = DIRECTION('',(0.,0.,1.));
#104 = ORIENTED_EDGE('',*,*,#105,.F.);
#105 = EDGE_CURVE('',#106,#97,#108,.T.);
#106 = VERTEX_POINT('',#107);
#107 = CARTESIAN_POINT('',(24.748737341529,15.891420021395,
    23.09873734153));
#108 = LINE('',#109,#110);
#109 = CARTESIAN_POINT('',(24.748737341529,25.,23.09873734153));
#110 = VECTOR('',#111,1.);
#111 = DIRECTION('',(-0.,1.,-0.));
#112 = ORIENTED_EDGE('',*,*,#113,.T.);
#113 = EDGE_CURVE('',#106,#87,#114,.T.);
#114 = CIRCLE('',#115,1.65);
#115 = AXIS2_PLACEMENT_3D('',#116,#117,#118);
#116 = CARTESIAN_POINT('',(24.748737341529,15.891420021395,
    24.74873734153));
#117 = DIRECTION('',(-0.,1.,0.));
#118 = DIRECTION('',(0.,0.,1.));
#119 = CYLINDRICAL_SURFACE('',#120,1.65);
#120 = AXIS2_PLACEMENT_3D('',#121,#122,#123);
#121 = CARTESIAN_POINT('',(24.748737341529,25.,24.74873734153));
#122 = DIRECTION('',(-0.,1.,-0.));
#123 = DIRECTION('',(0.,0.,1.));
#124 = ADVANCED_FACE('',(#125),#142,.F.);
#125 = FACE_BOUND('',#126,.F.);
#126 = EDGE_LOOP('',(#127,#128,#136));
#127 = ORIENTED_EDGE('',*,*,#113,.F.);
#128 = ORIENTED_EDGE('',*,*,#129,.F.);
#129 = EDGE_CURVE('',#130,#106,#132,.T.);
#130 = VERTEX_POINT('',#131);
#131 = CARTESIAN_POINT('',(24.748737341529,14.9,24.74873734153));
#132 = LINE('',#133,#134);
#133 = CARTESIAN_POINT('',(24.748737341529,15.891420021395,
    23.09873734153));
#134 = VECTOR('',#135,1.);
#135 = DIRECTION('',(1.E-16,0.51503807491,-0.857167300702));
#136 = ORIENTED_EDGE('',*,*,#137,.T.);
#137 = EDGE_CURVE('',#130,#87,#138,.T.);
#138 = LINE('',#139,#140);
#139 = CARTESIAN_POINT('',(24.748737341529,15.891420021395,
    26.39873734153));
#140 = VECTOR('',#141,1.);
#141 = DIRECTION('',(0.,0.51503807491,0.857167300702));
#142 = CONICAL_SURFACE('',#143,1.65,1.029744258677);
#143 = AXIS2_PLACEMENT_3D('',#144,#145,#146);
#144 = CARTESIAN_POINT('',(24.748737341529,15.891420021395,
    24.74873734153));
#145 = DIRECTION('',(-0.,1.,-0.));
#146 = DIRECTION('',(0.,0.,1.));
#147 = ADVANCED_FACE('',(#148),#184,.F.);
#148 = FACE_BOUND('',#149,.F.);
#149 = EDGE_LOOP('',(#150,#160,#169,#177));
#150 = ORIENTED_EDGE('',*,*,#151,.T.);
#151 = EDGE_CURVE('',#152,#154,#156,.T.);
#152 = VERTEX_POINT('',#153);
#153 = CARTESIAN_POINT('',(-24.74873734153,15.891420021395,
    26.39873734153));
#154 = VERTEX_POINT('',#155);
#155 = CARTESIAN_POINT('',(-24.74873734153,25.,26.39873734153));
#156 = LINE('',#157,#158);
#157 = CARTESIAN_POINT('',(-24.74873734153,25.,26.39873734153));
#158 = VECTOR('',#159,1.);
#159 = DIRECTION('',(-0.,1.,-0.));
#160 = ORIENTED_EDGE('',*,*,#161,.F.);
#161 = EDGE_CURVE('',#162,#154,#164,.T.);
#162 = VERTEX_POINT('',#163);
#163 = CARTESIAN_POINT('',(-24.74873734153,25.,23.09873734153));
#164 = CIRCLE('',#165,1.65);
#165 = AXIS2_PLACEMENT_3D('',#166,#167,#168);
#166 = CARTESIAN_POINT('',(-24.74873734153,25.,24.74873734153));
#167 = DIRECTION('',(-0.,1.,0.));
#168 = DIRECTION('',(0.,0.,1.));
#169 = ORIENTED_EDGE('',*,*,#170,.F.);
#170 = EDGE_CURVE('',#171,#162,#173,.T.);
#171 = VERTEX_POINT('',#172);
#172 = CARTESIAN_POINT('',(-24.74873734153,15.891420021395,
    23.09873734153));
#173 = LINE('',#174,#175);
#174 = CARTESIAN_POINT('',(-24.74873734153,25.,23.09873734153));
#175 = VECTOR('',#176,1.);
#176 = DIRECTION('',(-0.,1.,-0.));
#177 = ORIENTED_EDGE('',*,*,#178,.T.);
#178 = EDGE_CURVE('',#171,#152,#179,.T.);
#179 = CIRCLE('',#180,1.65);
#180 = AXIS2_PLACEMENT_3D('',#181,#182,#183);
#181 = CARTESIAN_POINT('',(-24.74873734153,15.891420021395,
    24.74873734153));
#182 = DIRECTION('',(-0.,1.,0.));
#183 = DIRECTION('',(0.,0.,1.));
#184 = CYLINDRICAL_SURFACE('',#185,1.65);
#185 = AXIS2_PLACEMENT_3D('',#186,#187,#188);
#186 = CARTESIAN_POINT('',(-24.74873734153,25.,24.74873734153));
#187 = DIRECTION('',(-0.,1.,-0.));
#188 = DIRECTION('',(0.,0.,1.));
#189 = ADVANCED_FACE('',(#190),#207,.F.);
#190 = FACE_BOUND('',#191,.F.);
#191 = EDGE_LOOP('',(#192,#193,#201));
#192 = ORIENTED_EDGE('',*,*,#178,.F.);
#193 = ORIENTED_EDGE('',*,*,#194,.F.);
#194 = EDGE_CURVE('',#195,#171,#197,.T.);
#195 = VERTEX_POINT('',#196);
#196 = CARTESIAN_POINT('',(-24.74873734153,14.9,24.74873734153));
#197 = LINE('',#198,#199);
#198 = CARTESIAN_POINT('',(-24.74873734153,15.891420021395,
    23.09873734153));
#199 = VECTOR('',#200,1.);
#200 = DIRECTION('',(1.E-16,0.51503807491,-0.857167300702));
#201 = ORIENTED_EDGE('',*,*,#202,.T.);
#202 = EDGE_CURVE('',#195,#152,#203,.T.);
#203 = LINE('',#204,#205);
#204 = CARTESIAN_POINT('',(-24.74873734153,15.891420021395,
    26.39873734153));
#205 = VECTOR('',#206,1.);
#206 = DIRECTION('',(0.,0.51503807491,0.857167300702));
#207 = CONICAL_SURFACE('',#208,1.65,1.029744258677);
#208 = AXIS2_PLACEMENT_3D('',#209,#210,#211);
#209 = CARTESIAN_POINT('',(-24.74873734153,15.891420021395,
    24.74873734153));
#210 = DIRECTION('',(-0.,1.,-0.));
#211 = DIRECTION('',(0.,0.,1.));
#212 = ADVANCED_FACE('',(#213),#249,.F.);
#213 = FACE_BOUND('',#214,.F.);
#214 = EDGE_LOOP('',(#215,#225,#234,#242));
#215 = ORIENTED_EDGE('',*,*,#216,.T.);
#216 = EDGE_CURVE('',#217,#219,#221,.T.);
#217 = VERTEX_POINT('',#218);
#218 = CARTESIAN_POINT('',(-24.74873734153,15.891420021395,
    -23.09873734153));
#219 = VERTEX_POINT('',#220);
#220 = CARTESIAN_POINT('',(-24.74873734153,25.,-23.09873734153));
#221 = LINE('',#222,#223);
#222 = CARTESIAN_POINT('',(-24.74873734153,25.,-23.09873734153));
#223 = VECTOR('',#224,1.);
#224 = DIRECTION('',(-0.,1.,-0.));
#225 = ORIENTED_EDGE('',*,*,#226,.F.);
#226 = EDGE_CURVE('',#227,#219,#229,.T.);
#227 = VERTEX_POINT('',#228);
#228 = CARTESIAN_POINT('',(-24.74873734153,25.,-26.39873734153));
#229 = CIRCLE('',#230,1.65);
#230 = AXIS2_PLACEMENT_3D('',#231,#232,#233);
#231 = CARTESIAN_POINT('',(-24.74873734153,25.,-24.74873734153));
#232 = DIRECTION('',(-0.,1.,0.));
#233 = DIRECTION('',(0.,0.,1.));
#234 = ORIENTED_EDGE('',*,*,#235,.F.);
#235 = EDGE_CURVE('',#236,#227,#238,.T.);
#236 = VERTEX_POINT('',#237);
#237 = CARTESIAN_POINT('',(-24.74873734153,15.891420021395,
    -26.39873734153));
#238 = LINE('',#239,#240);
#239 = CARTESIAN_POINT('',(-24.74873734153,25.,-26.39873734153));
#240 = VECTOR('',#241,1.);
#241 = DIRECTION('',(-0.,1.,-0.));
#242 = ORIENTED_EDGE('',*,*,#243,.T.);
#243 = EDGE_CURVE('',#236,#217,#244,.T.);
#244 = CIRCLE('',#245,1.65);
#245 = AXIS2_PLACEMENT_3D('',#246,#247,#248);
#246 = CARTESIAN_POINT('',(-24.74873734153,15.891420021395,
    -24.74873734153));
#247 = DIRECTION('',(-0.,1.,0.));
#248 = DIRECTION('',(0.,0.,1.));
#249 = CYLINDRICAL_SURFACE('',#250,1.65);
#250 = AXIS2_PLACEMENT_3D('',#251,#252,#253);
#251 = CARTESIAN_POINT('',(-24.74873734153,25.,-24.74873734153));
#252 = DIRECTION('',(-0.,1.,-0.));
#253 = DIRECTION('',(0.,0.,1.));
#254 = ADVANCED_FACE('',(#255),#272,.F.);
#255 = FACE_BOUND('',#256,.F.);
#256 = EDGE_LOOP('',(#257,#258,#266));
#257 = ORIENTED_EDGE('',*,*,#243,.F.);
#258 = ORIENTED_EDGE('',*,*,#259,.F.);
#259 = EDGE_CURVE('',#260,#236,#262,.T.);
#260 = VERTEX_POINT('',#261);
#261 = CARTESIAN_POINT('',(-24.74873734153,14.9,-24.74873734153));
#262 = LINE('',#263,#264);
#263 = CARTESIAN_POINT('',(-24.74873734153,15.891420021395,
    -26.39873734153));
#264 = VECTOR('',#265,1.);
#265 = DIRECTION('',(1.E-16,0.51503807491,-0.857167300702));
#266 = ORIENTED_EDGE('',*,*,#267,.T.);
#267 = EDGE_CURVE('',#260,#217,#268,.T.);
#268 = LINE('',#269,#270);
#269 = CARTESIAN_POINT('',(-24.74873734153,15.891420021395,
    -23.09873734153));
#270 = VECTOR('',#271,1.);
#271 = DIRECTION('',(0.,0.51503807491,0.857167300702));
#272 = CONICAL_SURFACE('',#273,1.65,1.029744258677);
#273 = AXIS2_PLACEMENT_3D('',#274,#275,#276);
#274 = CARTESIAN_POINT('',(-24.74873734153,15.891420021395,
    -24.74873734153));
#275 = DIRECTION('',(-0.,1.,-0.));
#276 = DIRECTION('',(0.,0.,1.));
#277 = ADVANCED_FACE('',(#278),#314,.F.);
#278 = FACE_BOUND('',#279,.F.);
#279 = EDGE_LOOP('',(#280,#290,#299,#307));
#280 = ORIENTED_EDGE('',*,*,#281,.T.);
#281 = EDGE_CURVE('',#282,#284,#286,.T.);
#282 = VERTEX_POINT('',#283);
#283 = CARTESIAN_POINT('',(1.1E-14,24.75,25.125));
#284 = VERTEX_POINT('',#285);
#285 = CARTESIAN_POINT('',(8.E-15,25.,25.375));
#286 = LINE('',#287,#288);
#287 = CARTESIAN_POINT('',(8.2E-15,24.75,25.125));
#288 = VECTOR('',#289,1.);
#289 = DIRECTION('',(0.,0.707106781187,0.707106781187));
#290 = ORIENTED_EDGE('',*,*,#291,.T.);
#291 = EDGE_CURVE('',#284,#292,#294,.T.);
#292 = VERTEX_POINT('',#293);
#293 = CARTESIAN_POINT('',(1.1E-14,25.,-25.375));
#294 = CIRCLE('',#295,25.375);
#295 = AXIS2_PLACEMENT_3D('',#296,#297,#298);
#296 = CARTESIAN_POINT('',(8.2E-15,25.,-1.64E-15));
#297 = DIRECTION('',(0.,-1.,0.));
#298 = DIRECTION('',(0.,0.,1.));
#299 = ORIENTED_EDGE('',*,*,#300,.F.);
#300 = EDGE_CURVE('',#301,#292,#303,.T.);
#301 = VERTEX_POINT('',#302);
#302 = CARTESIAN_POINT('',(8.E-15,24.75,-25.125));
#303 = LINE('',#304,#305);
#304 = CARTESIAN_POINT('',(1.128E-14,24.75,-25.125));
#305 = VECTOR('',#306,1.);
#306 = DIRECTION('',(9.E-17,0.707106781187,-0.707106781187));
#307 = ORIENTED_EDGE('',*,*,#308,.T.);
#308 = EDGE_CURVE('',#301,#282,#309,.T.);
#309 = CIRCLE('',#310,25.125);
#310 = AXIS2_PLACEMENT_3D('',#311,#312,#313);
#311 = CARTESIAN_POINT('',(8.2E-15,24.75,-1.64E-15));
#312 = DIRECTION('',(0.,1.,0.));
#313 = DIRECTION('',(0.,-0.,1.));
#314 = CONICAL_SURFACE('',#315,25.125,0.785398163397);
#315 = AXIS2_PLACEMENT_3D('',#316,#317,#318);
#316 = CARTESIAN_POINT('',(8.2E-15,24.75,-1.64E-15));
#317 = DIRECTION('',(0.,1.,0.));
#318 = DIRECTION('',(0.,-0.,1.));
#319 = ADVANCED_FACE('',(#320),#347,.F.);
#320 = FACE_BOUND('',#321,.F.);
#321 = EDGE_LOOP('',(#322,#332,#339,#340));
#322 = ORIENTED_EDGE('',*,*,#323,.T.);
#323 = EDGE_CURVE('',#324,#326,#328,.T.);
#324 = VERTEX_POINT('',#325);
#325 = CARTESIAN_POINT('',(14.345990666098,24.75,20.626637554585));
#326 = VERTEX_POINT('',#327);
#327 = CARTESIAN_POINT('',(14.48873684188,25.,20.831877729258));
#328 = LINE('',#329,#330);
#329 = CARTESIAN_POINT('',(14.345990666098,24.75,20.626637554585));
#330 = VECTOR('',#331,1.);
#331 = DIRECTION('',(0.403747155536,0.707106781187,0.580506877131));
#332 = ORIENTED_EDGE('',*,*,#333,.T.);
#333 = EDGE_CURVE('',#326,#284,#334,.T.);
#334 = CIRCLE('',#335,25.375);
#335 = AXIS2_PLACEMENT_3D('',#336,#337,#338);
#336 = CARTESIAN_POINT('',(8.2E-15,25.,-1.64E-15));
#337 = DIRECTION('',(-0.,-1.,0.));
#338 = DIRECTION('',(3.55E-15,-0.,1.));
#339 = ORIENTED_EDGE('',*,*,#281,.F.);
#340 = ORIENTED_EDGE('',*,*,#341,.T.);
#341 = EDGE_CURVE('',#282,#324,#342,.T.);
#342 = CIRCLE('',#343,25.125);
#343 = AXIS2_PLACEMENT_3D('',#344,#345,#346);
#344 = CARTESIAN_POINT('',(8.2E-15,24.75,-1.64E-15));
#345 = DIRECTION('',(0.,1.,0.));
#346 = DIRECTION('',(0.,-0.,1.));
#347 = CONICAL_SURFACE('',#348,25.125,0.785398163397);
#348 = AXIS2_PLACEMENT_3D('',#349,#350,#351);
#349 = CARTESIAN_POINT('',(8.2E-15,24.75,-1.64E-15));
#350 = DIRECTION('',(0.,1.,0.));
#351 = DIRECTION('',(0.,-0.,1.));
#352 = ADVANCED_FACE('',(#353),#389,.F.);
#353 = FACE_BOUND('',#354,.F.);
#354 = EDGE_LOOP('',(#355,#365,#374,#382));
#355 = ORIENTED_EDGE('',*,*,#356,.T.);
#356 = EDGE_CURVE('',#357,#359,#361,.T.);
#357 = VERTEX_POINT('',#358);
#358 = CARTESIAN_POINT('',(24.748737341529,0.25,22.648737341529));
#359 = VERTEX_POINT('',#360);
#360 = CARTESIAN_POINT('',(24.748737341529,0.,22.398737341529));
#361 = LINE('',#362,#363);
#362 = CARTESIAN_POINT('',(24.748737341529,0.25,22.648737341529));
#363 = VECTOR('',#364,1.);
#364 = DIRECTION('',(0.,-0.707106781187,-0.707106781187));
#365 = ORIENTED_EDGE('',*,*,#366,.T.);
#366 = EDGE_CURVE('',#359,#367,#369,.T.);
#367 = VERTEX_POINT('',#368);
#368 = CARTESIAN_POINT('',(24.748737341529,0.,27.098737341529));
#369 = CIRCLE('',#370,2.35);
#370 = AXIS2_PLACEMENT_3D('',#371,#372,#373);
#371 = CARTESIAN_POINT('',(24.748737341529,0.,24.748737341529));
#372 = DIRECTION('',(0.,1.,0.));
#373 = DIRECTION('',(0.,-0.,1.));
#374 = ORIENTED_EDGE('',*,*,#375,.F.);
#375 = EDGE_CURVE('',#376,#367,#378,.T.);
#376 = VERTEX_POINT('',#377);
#377 = CARTESIAN_POINT('',(24.748737341529,0.25,26.848737341529));
#378 = LINE('',#379,#380);
#379 = CARTESIAN_POINT('',(24.748737341529,0.25,26.848737341529));
#380 = VECTOR('',#381,1.);
#381 = DIRECTION('',(9.E-17,-0.707106781187,0.707106781187));
#382 = ORIENTED_EDGE('',*,*,#383,.T.);
#383 = EDGE_CURVE('',#376,#357,#384,.T.);
#384 = CIRCLE('',#385,2.1);
#385 = AXIS2_PLACEMENT_3D('',#386,#387,#388);
#386 = CARTESIAN_POINT('',(24.748737341529,0.25,24.748737341529));
#387 = DIRECTION('',(0.,-1.,0.));
#388 = DIRECTION('',(0.,0.,1.));
#389 = CONICAL_SURFACE('',#390,2.1,0.785398163397);
#390 = AXIS2_PLACEMENT_3D('',#391,#392,#393);
#391 = CARTESIAN_POINT('',(24.748737341529,0.25,24.748737341529));
#392 = DIRECTION('',(0.,-1.,0.));
#393 = DIRECTION('',(0.,0.,-1.));
#394 = ADVANCED_FACE('',(#395),#431,.F.);
#395 = FACE_BOUND('',#396,.F.);
#396 = EDGE_LOOP('',(#397,#407,#416,#424));
#397 = ORIENTED_EDGE('',*,*,#398,.T.);
#398 = EDGE_CURVE('',#399,#401,#403,.T.);
#399 = VERTEX_POINT('',#400);
#400 = CARTESIAN_POINT('',(-24.74873734152,0.25,22.648737341529));
#401 = VERTEX_POINT('',#402);
#402 = CARTESIAN_POINT('',(-24.74873734152,0.,22.398737341529));
#403 = LINE('',#404,#405);
#404 = CARTESIAN_POINT('',(-24.74873734152,0.25,22.648737341529));
#405 = VECTOR('',#406,1.);
#406 = DIRECTION('',(0.,-0.707106781187,-0.707106781187));
#407 = ORIENTED_EDGE('',*,*,#408,.T.);
#408 = EDGE_CURVE('',#401,#409,#411,.T.);
#409 = VERTEX_POINT('',#410);
#410 = CARTESIAN_POINT('',(-24.74873734152,0.,27.098737341529));
#411 = CIRCLE('',#412,2.35);
#412 = AXIS2_PLACEMENT_3D('',#413,#414,#415);
#413 = CARTESIAN_POINT('',(-24.74873734152,0.,24.748737341529));
#414 = DIRECTION('',(0.,1.,0.));
#415 = DIRECTION('',(0.,-0.,1.));
#416 = ORIENTED_EDGE('',*,*,#417,.F.);
#417 = EDGE_CURVE('',#418,#409,#420,.T.);
#418 = VERTEX_POINT('',#419);
#419 = CARTESIAN_POINT('',(-24.74873734152,0.25,26.848737341529));
#420 = LINE('',#421,#422);
#421 = CARTESIAN_POINT('',(-24.74873734152,0.25,26.848737341529));
#422 = VECTOR('',#423,1.);
#423 = DIRECTION('',(9.E-17,-0.707106781187,0.707106781187));
#424 = ORIENTED_EDGE('',*,*,#425,.T.);
#425 = EDGE_CURVE('',#418,#399,#426,.T.);
#426 = CIRCLE('',#427,2.1);
#427 = AXIS2_PLACEMENT_3D('',#428,#429,#430);
#428 = CARTESIAN_POINT('',(-24.74873734152,0.25,24.748737341529));
#429 = DIRECTION('',(0.,-1.,0.));
#430 = DIRECTION('',(0.,0.,1.));
#431 = CONICAL_SURFACE('',#432,2.1,0.785398163397);
#432 = AXIS2_PLACEMENT_3D('',#433,#434,#435);
#433 = CARTESIAN_POINT('',(-24.74873734152,0.25,24.748737341529));
#434 = DIRECTION('',(0.,-1.,0.));
#435 = DIRECTION('',(0.,0.,-1.));
#436 = ADVANCED_FACE('',(#437),#473,.F.);
#437 = FACE_BOUND('',#438,.F.);
#438 = EDGE_LOOP('',(#439,#449,#458,#466));
#439 = ORIENTED_EDGE('',*,*,#440,.T.);
#440 = EDGE_CURVE('',#441,#443,#445,.T.);
#441 = VERTEX_POINT('',#442);
#442 = CARTESIAN_POINT('',(-24.74873734152,0.25,-26.84873734152));
#443 = VERTEX_POINT('',#444);
#444 = CARTESIAN_POINT('',(-24.74873734152,0.,-27.09873734152));
#445 = LINE('',#446,#447);
#446 = CARTESIAN_POINT('',(-24.74873734152,0.25,-26.84873734152));
#447 = VECTOR('',#448,1.);
#448 = DIRECTION('',(0.,-0.707106781187,-0.707106781187));
#449 = ORIENTED_EDGE('',*,*,#450,.T.);
#450 = EDGE_CURVE('',#443,#451,#453,.T.);
#451 = VERTEX_POINT('',#452);
#452 = CARTESIAN_POINT('',(-24.74873734152,0.,-22.39873734152));
#453 = CIRCLE('',#454,2.35);
#454 = AXIS2_PLACEMENT_3D('',#455,#456,#457);
#455 = CARTESIAN_POINT('',(-24.74873734152,0.,-24.74873734152));
#456 = DIRECTION('',(0.,1.,0.));
#457 = DIRECTION('',(0.,-0.,1.));
#458 = ORIENTED_EDGE('',*,*,#459,.F.);
#459 = EDGE_CURVE('',#460,#451,#462,.T.);
#460 = VERTEX_POINT('',#461);
#461 = CARTESIAN_POINT('',(-24.74873734152,0.25,-22.64873734152));
#462 = LINE('',#463,#464);
#463 = CARTESIAN_POINT('',(-24.74873734152,0.25,-22.64873734152));
#464 = VECTOR('',#465,1.);
#465 = DIRECTION('',(9.E-17,-0.707106781187,0.707106781187));
#466 = ORIENTED_EDGE('',*,*,#467,.T.);
#467 = EDGE_CURVE('',#460,#441,#468,.T.);
#468 = CIRCLE('',#469,2.1);
#469 = AXIS2_PLACEMENT_3D('',#470,#471,#472);
#470 = CARTESIAN_POINT('',(-24.74873734152,0.25,-24.74873734152));
#471 = DIRECTION('',(0.,-1.,0.));
#472 = DIRECTION('',(0.,0.,1.));
#473 = CONICAL_SURFACE('',#474,2.1,0.785398163397);
#474 = AXIS2_PLACEMENT_3D('',#475,#476,#477);
#475 = CARTESIAN_POINT('',(-24.74873734152,0.25,-24.74873734152));
#476 = DIRECTION('',(0.,-1.,0.));
#477 = DIRECTION('',(0.,0.,-1.));
#478 = ADVANCED_FACE('',(#479),#515,.F.);
#479 = FACE_BOUND('',#480,.F.);
#480 = EDGE_LOOP('',(#481,#491,#500,#508));
#481 = ORIENTED_EDGE('',*,*,#482,.T.);
#482 = EDGE_CURVE('',#483,#485,#487,.T.);
#483 = VERTEX_POINT('',#484);
#484 = CARTESIAN_POINT('',(24.748737341529,0.25,-26.84873734152));
#485 = VERTEX_POINT('',#486);
#486 = CARTESIAN_POINT('',(24.748737341529,0.,-27.09873734152));
#487 = LINE('',#488,#489);
#488 = CARTESIAN_POINT('',(24.748737341529,0.25,-26.84873734152));
#489 = VECTOR('',#490,1.);
#490 = DIRECTION('',(0.,-0.707106781187,-0.707106781187));
#491 = ORIENTED_EDGE('',*,*,#492,.T.);
#492 = EDGE_CURVE('',#485,#493,#495,.T.);
#493 = VERTEX_POINT('',#494);
#494 = CARTESIAN_POINT('',(24.748737341529,0.,-22.39873734152));
#495 = CIRCLE('',#496,2.35);
#496 = AXIS2_PLACEMENT_3D('',#497,#498,#499);
#497 = CARTESIAN_POINT('',(24.748737341529,0.,-24.74873734152));
#498 = DIRECTION('',(0.,1.,0.));
#499 = DIRECTION('',(0.,-0.,1.));
#500 = ORIENTED_EDGE('',*,*,#501,.F.);
#501 = EDGE_CURVE('',#502,#493,#504,.T.);
#502 = VERTEX_POINT('',#503);
#503 = CARTESIAN_POINT('',(24.748737341529,0.25,-22.64873734152));
#504 = LINE('',#505,#506);
#505 = CARTESIAN_POINT('',(24.748737341529,0.25,-22.64873734152));
#506 = VECTOR('',#507,1.);
#507 = DIRECTION('',(9.E-17,-0.707106781187,0.707106781187));
#508 = ORIENTED_EDGE('',*,*,#509,.T.);
#509 = EDGE_CURVE('',#502,#483,#510,.T.);
#510 = CIRCLE('',#511,2.1);
#511 = AXIS2_PLACEMENT_3D('',#512,#513,#514);
#512 = CARTESIAN_POINT('',(24.748737341529,0.25,-24.74873734152));
#513 = DIRECTION('',(0.,-1.,0.));
#514 = DIRECTION('',(0.,0.,1.));
#515 = CONICAL_SURFACE('',#516,2.1,0.785398163397);
#516 = AXIS2_PLACEMENT_3D('',#517,#518,#519);
#517 = CARTESIAN_POINT('',(24.748737341529,0.25,-24.74873734152));
#518 = DIRECTION('',(0.,-1.,0.));
#519 = DIRECTION('',(0.,0.,-1.));
#520 = ADVANCED_FACE('',(#521),#557,.F.);
#521 = FACE_BOUND('',#522,.F.);
#522 = EDGE_LOOP('',(#523,#533,#542,#550));
#523 = ORIENTED_EDGE('',*,*,#524,.T.);
#524 = EDGE_CURVE('',#525,#527,#529,.T.);
#525 = VERTEX_POINT('',#526);
#526 = CARTESIAN_POINT('',(8.E-15,0.25,-25.125));
#527 = VERTEX_POINT('',#528);
#528 = CARTESIAN_POINT('',(8.E-15,0.,-25.375));
#529 = LINE('',#530,#531);
#530 = CARTESIAN_POINT('',(8.2E-15,0.,-25.375));
#531 = VECTOR('',#532,1.);
#532 = DIRECTION('',(0.,-0.707106781187,-0.707106781187));
#533 = ORIENTED_EDGE('',*,*,#534,.T.);
#534 = EDGE_CURVE('',#527,#535,#537,.T.);
#535 = VERTEX_POINT('',#536);
#536 = CARTESIAN_POINT('',(1.1E-14,0.,25.375));
#537 = CIRCLE('',#538,25.375);
#538 = AXIS2_PLACEMENT_3D('',#539,#540,#541);
#539 = CARTESIAN_POINT('',(8.2E-15,0.,-1.64E-15));
#540 = DIRECTION('',(0.,1.,0.));
#541 = DIRECTION('',(0.,-0.,1.));
#542 = ORIENTED_EDGE('',*,*,#543,.F.);
#543 = EDGE_CURVE('',#544,#535,#546,.T.);
#544 = VERTEX_POINT('',#545);
#545 = CARTESIAN_POINT('',(1.1E-14,0.25,25.125));
#546 = LINE('',#547,#548);
#547 = CARTESIAN_POINT('',(1.131E-14,0.,25.375));
#548 = VECTOR('',#549,1.);
#549 = DIRECTION('',(9.E-17,-0.707106781187,0.707106781187));
#550 = ORIENTED_EDGE('',*,*,#551,.T.);
#551 = EDGE_CURVE('',#544,#525,#552,.T.);
#552 = CIRCLE('',#553,25.125);
#553 = AXIS2_PLACEMENT_3D('',#554,#555,#556);
#554 = CARTESIAN_POINT('',(8.2E-15,0.25,-1.64E-15));
#555 = DIRECTION('',(0.,-1.,0.));
#556 = DIRECTION('',(0.,0.,1.));
#557 = CONICAL_SURFACE('',#558,25.375,0.785398163397);
#558 = AXIS2_PLACEMENT_3D('',#559,#560,#561);
#559 = CARTESIAN_POINT('',(8.2E-15,0.,-1.64E-15));
#560 = DIRECTION('',(-0.,-1.,-0.));
#561 = DIRECTION('',(0.,0.,-1.));
#562 = ADVANCED_FACE('',(#563),#590,.F.);
#563 = FACE_BOUND('',#564,.F.);
#564 = EDGE_LOOP('',(#565,#575,#582,#583));
#565 = ORIENTED_EDGE('',*,*,#566,.F.);
#566 = EDGE_CURVE('',#567,#569,#571,.T.);
#567 = VERTEX_POINT('',#568);
#568 = CARTESIAN_POINT('',(14.48873684188,0.,-20.83187772925));
#569 = VERTEX_POINT('',#570);
#570 = CARTESIAN_POINT('',(14.345990666098,0.25,-20.62663755458));
#571 = LINE('',#572,#573);
#572 = CARTESIAN_POINT('',(14.48873684188,0.,-20.83187772925));
#573 = VECTOR('',#574,1.);
#574 = DIRECTION('',(-0.403747155536,0.707106781187,0.580506877131));
#575 = ORIENTED_EDGE('',*,*,#576,.T.);
#576 = EDGE_CURVE('',#567,#527,#577,.T.);
#577 = CIRCLE('',#578,25.375);
#578 = AXIS2_PLACEMENT_3D('',#579,#580,#581);
#579 = CARTESIAN_POINT('',(8.2E-15,0.,-1.64E-15));
#580 = DIRECTION('',(0.,1.,0.));
#581 = DIRECTION('',(0.,-0.,1.));
#582 = ORIENTED_EDGE('',*,*,#524,.F.);
#583 = ORIENTED_EDGE('',*,*,#584,.T.);
#584 = EDGE_CURVE('',#525,#569,#585,.T.);
#585 = CIRCLE('',#586,25.125);
#586 = AXIS2_PLACEMENT_3D('',#587,#588,#589);
#587 = CARTESIAN_POINT('',(8.2E-15,0.25,-1.64E-15));
#588 = DIRECTION('',(0.,-1.,0.));
#589 = DIRECTION('',(0.,0.,1.));
#590 = CONICAL_SURFACE('',#591,25.375,0.785398163397);
#591 = AXIS2_PLACEMENT_3D('',#592,#593,#594);
#592 = CARTESIAN_POINT('',(8.2E-15,0.,-1.64E-15));
#593 = DIRECTION('',(-0.,-1.,-0.));
#594 = DIRECTION('',(0.,0.,-1.));
#595 = ADVANCED_FACE('',(#596),#632,.F.);
#596 = FACE_BOUND('',#597,.F.);
#597 = EDGE_LOOP('',(#598,#608,#617,#625));
#598 = ORIENTED_EDGE('',*,*,#599,.T.);
#599 = EDGE_CURVE('',#600,#602,#604,.T.);
#600 = VERTEX_POINT('',#601);
#601 = CARTESIAN_POINT('',(31.75,18.5,48.25));
#602 = VERTEX_POINT('',#603);
#603 = CARTESIAN_POINT('',(32.,18.5,48.));
#604 = LINE('',#605,#606);
#605 = CARTESIAN_POINT('',(32.,18.5,48.));
#606 = VECTOR('',#607,1.);
#607 = DIRECTION('',(0.707106781187,0.,-0.707106781187));
#608 = ORIENTED_EDGE('',*,*,#609,.T.);
#609 = EDGE_CURVE('',#602,#610,#612,.T.);
#610 = VERTEX_POINT('',#611);
#611 = CARTESIAN_POINT('',(32.,18.5,54.));
#612 = CIRCLE('',#613,3.);
#613 = AXIS2_PLACEMENT_3D('',#614,#615,#616);
#614 = CARTESIAN_POINT('',(32.,18.5,51.));
#615 = DIRECTION('',(-1.,0.,0.));
#616 = DIRECTION('',(0.,0.,1.));
#617 = ORIENTED_EDGE('',*,*,#618,.F.);
#618 = EDGE_CURVE('',#619,#610,#621,.T.);
#619 = VERTEX_POINT('',#620);
#620 = CARTESIAN_POINT('',(31.75,18.5,53.75));
#621 = LINE('',#622,#623);
#622 = CARTESIAN_POINT('',(32.,18.5,54.));
#623 = VECTOR('',#624,1.);
#624 = DIRECTION('',(0.707106781187,9.E-17,0.707106781187));
#625 = ORIENTED_EDGE('',*,*,#626,.T.);
#626 = EDGE_CURVE('',#619,#600,#627,.T.);
#627 = CIRCLE('',#628,2.75);
#628 = AXIS2_PLACEMENT_3D('',#629,#630,#631);
#629 = CARTESIAN_POINT('',(31.75,18.5,51.));
#630 = DIRECTION('',(1.,0.,-0.));
#631 = DIRECTION('',(0.,0.,1.));
#632 = CONICAL_SURFACE('',#633,3.,0.785398163397);
#633 = AXIS2_PLACEMENT_3D('',#634,#635,#636);
#634 = CARTESIAN_POINT('',(32.,18.5,51.));
#635 = DIRECTION('',(1.,-0.,-0.));
#636 = DIRECTION('',(0.,0.,-1.));
#637 = ADVANCED_FACE('',(#638),#674,.F.);
#638 = FACE_BOUND('',#639,.F.);
#639 = EDGE_LOOP('',(#640,#650,#659,#667));
#640 = ORIENTED_EDGE('',*,*,#641,.T.);
#641 = EDGE_CURVE('',#642,#644,#646,.T.);
#642 = VERTEX_POINT('',#643);
#643 = CARTESIAN_POINT('',(22.25,18.5,53.75));
#644 = VERTEX_POINT('',#645);
#645 = CARTESIAN_POINT('',(22.,18.5,54.));
#646 = LINE('',#647,#648);
#647 = CARTESIAN_POINT('',(22.25,18.5,53.75));
#648 = VECTOR('',#649,1.);
#649 = DIRECTION('',(-0.707106781187,0.,0.707106781187));
#650 = ORIENTED_EDGE('',*,*,#651,.T.);
#651 = EDGE_CURVE('',#644,#652,#654,.T.);
#652 = VERTEX_POINT('',#653);
#653 = CARTESIAN_POINT('',(22.,18.5,48.));
#654 = CIRCLE('',#655,3.);
#655 = AXIS2_PLACEMENT_3D('',#656,#657,#658);
#656 = CARTESIAN_POINT('',(22.,18.5,51.));
#657 = DIRECTION('',(1.,-0.,8.E-17));
#658 = DIRECTION('',(8.E-17,0.,-1.));
#659 = ORIENTED_EDGE('',*,*,#660,.F.);
#660 = EDGE_CURVE('',#661,#652,#663,.T.);
#661 = VERTEX_POINT('',#662);
#662 = CARTESIAN_POINT('',(22.25,18.5,48.25));
#663 = LINE('',#664,#665);
#664 = CARTESIAN_POINT('',(22.25,18.5,48.25));
#665 = VECTOR('',#666,1.);
#666 = DIRECTION('',(-0.707106781187,9.E-17,-0.707106781187));
#667 = ORIENTED_EDGE('',*,*,#668,.T.);
#668 = EDGE_CURVE('',#661,#642,#669,.T.);
#669 = CIRCLE('',#670,2.75);
#670 = AXIS2_PLACEMENT_3D('',#671,#672,#673);
#671 = CARTESIAN_POINT('',(22.25,18.5,51.));
#672 = DIRECTION('',(-1.,0.,0.));
#673 = DIRECTION('',(0.,0.,-1.));
#674 = CONICAL_SURFACE('',#675,2.75,0.785398163397);
#675 = AXIS2_PLACEMENT_3D('',#676,#677,#678);
#676 = CARTESIAN_POINT('',(22.25,18.5,51.));
#677 = DIRECTION('',(-1.,0.,0.));
#678 = DIRECTION('',(0.,0.,1.));
#679 = ADVANCED_FACE('',(#680),#716,.F.);
#680 = FACE_BOUND('',#681,.F.);
#681 = EDGE_LOOP('',(#682,#692,#701,#709));
#682 = ORIENTED_EDGE('',*,*,#683,.T.);
#683 = EDGE_CURVE('',#684,#686,#688,.T.);
#684 = VERTEX_POINT('',#685);
#685 = CARTESIAN_POINT('',(31.75,6.5,48.25));
#686 = VERTEX_POINT('',#687);
#687 = CARTESIAN_POINT('',(32.,6.5,48.));
#688 = LINE('',#689,#690);
#689 = CARTESIAN_POINT('',(32.,6.5,48.));
#690 = VECTOR('',#691,1.);
#691 = DIRECTION('',(0.707106781187,0.,-0.707106781187));
#692 = ORIENTED_EDGE('',*,*,#693,.T.);
#693 = EDGE_CURVE('',#686,#694,#696,.T.);
#694 = VERTEX_POINT('',#695);
#695 = CARTESIAN_POINT('',(32.,6.5,54.));
#696 = CIRCLE('',#697,3.);
#697 = AXIS2_PLACEMENT_3D('',#698,#699,#700);
#698 = CARTESIAN_POINT('',(32.,6.5,51.));
#699 = DIRECTION('',(-1.,0.,0.));
#700 = DIRECTION('',(0.,0.,1.));
#701 = ORIENTED_EDGE('',*,*,#702,.F.);
#702 = EDGE_CURVE('',#703,#694,#705,.T.);
#703 = VERTEX_POINT('',#704);
#704 = CARTESIAN_POINT('',(31.75,6.5,53.75));
#705 = LINE('',#706,#707);
#706 = CARTESIAN_POINT('',(32.,6.5,54.));
#707 = VECTOR('',#708,1.);
#708 = DIRECTION('',(0.707106781187,9.E-17,0.707106781187));
#709 = ORIENTED_EDGE('',*,*,#710,.T.);
#710 = EDGE_CURVE('',#703,#684,#711,.T.);
#711 = CIRCLE('',#712,2.75);
#712 = AXIS2_PLACEMENT_3D('',#713,#714,#715);
#713 = CARTESIAN_POINT('',(31.75,6.5,51.));
#714 = DIRECTION('',(1.,0.,-0.));
#715 = DIRECTION('',(0.,0.,1.));
#716 = CONICAL_SURFACE('',#717,3.,0.785398163397);
#717 = AXIS2_PLACEMENT_3D('',#718,#719,#720);
#718 = CARTESIAN_POINT('',(32.,6.5,51.));
#719 = DIRECTION('',(1.,-0.,-0.));
#720 = DIRECTION('',(0.,0.,-1.));
#721 = ADVANCED_FACE('',(#722),#758,.F.);
#722 = FACE_BOUND('',#723,.F.);
#723 = EDGE_LOOP('',(#724,#734,#743,#751));
#724 = ORIENTED_EDGE('',*,*,#725,.T.);
#725 = EDGE_CURVE('',#726,#728,#730,.T.);
#726 = VERTEX_POINT('',#727);
#727 = CARTESIAN_POINT('',(22.25,6.5,53.75));
#728 = VERTEX_POINT('',#729);
#729 = CARTESIAN_POINT('',(22.,6.5,54.));
#730 = LINE('',#731,#732);
#731 = CARTESIAN_POINT('',(22.25,6.5,53.75));
#732 = VECTOR('',#733,1.);
#733 = DIRECTION('',(-0.707106781187,0.,0.707106781187));
#734 = ORIENTED_EDGE('',*,*,#735,.T.);
#735 = EDGE_CURVE('',#728,#736,#738,.T.);
#736 = VERTEX_POINT('',#737);
#737 = CARTESIAN_POINT('',(22.,6.5,48.));
#738 = CIRCLE('',#739,3.);
#739 = AXIS2_PLACEMENT_3D('',#740,#741,#742);
#740 = CARTESIAN_POINT('',(22.,6.5,51.));
#741 = DIRECTION('',(1.,-0.,8.E-17));
#742 = DIRECTION('',(8.E-17,0.,-1.));
#743 = ORIENTED_EDGE('',*,*,#744,.F.);
#744 = EDGE_CURVE('',#745,#736,#747,.T.);
#745 = VERTEX_POINT('',#746);
#746 = CARTESIAN_POINT('',(22.25,6.5,48.25));
#747 = LINE('',#748,#749);
#748 = CARTESIAN_POINT('',(22.25,6.5,48.25));
#749 = VECTOR('',#750,1.);
#750 = DIRECTION('',(-0.707106781187,9.E-17,-0.707106781187));
#751 = ORIENTED_EDGE('',*,*,#752,.T.);
#752 = EDGE_CURVE('',#745,#726,#753,.T.);
#753 = CIRCLE('',#754,2.75);
#754 = AXIS2_PLACEMENT_3D('',#755,#756,#757);
#755 = CARTESIAN_POINT('',(22.25,6.5,51.));
#756 = DIRECTION('',(-1.,0.,0.));
#757 = DIRECTION('',(0.,0.,-1.));
#758 = CONICAL_SURFACE('',#759,2.75,0.785398163397);
#759 = AXIS2_PLACEMENT_3D('',#760,#761,#762);
#760 = CARTESIAN_POINT('',(22.25,6.5,51.));
#761 = DIRECTION('',(-1.,0.,0.));
#762 = DIRECTION('',(0.,0.,1.));
#763 = ADVANCED_FACE('',(#764),#800,.F.);
#764 = FACE_BOUND('',#765,.F.);
#765 = EDGE_LOOP('',(#766,#776,#785,#793));
#766 = ORIENTED_EDGE('',*,*,#767,.T.);
#767 = EDGE_CURVE('',#768,#770,#772,.T.);
#768 = VERTEX_POINT('',#769);
#769 = CARTESIAN_POINT('',(31.75,18.5,-53.75));
#770 = VERTEX_POINT('',#771);
#771 = CARTESIAN_POINT('',(32.,18.5,-54.));
#772 = LINE('',#773,#774);
#773 = CARTESIAN_POINT('',(32.,18.5,-54.));
#774 = VECTOR('',#775,1.);
#775 = DIRECTION('',(0.707106781187,0.,-0.707106781187));
#776 = ORIENTED_EDGE('',*,*,#777,.T.);
#777 = EDGE_CURVE('',#770,#778,#780,.T.);
#778 = VERTEX_POINT('',#779);
#779 = CARTESIAN_POINT('',(32.,18.5,-48.));
#780 = CIRCLE('',#781,3.);
#781 = AXIS2_PLACEMENT_3D('',#782,#783,#784);
#782 = CARTESIAN_POINT('',(32.,18.5,-51.));
#783 = DIRECTION('',(-1.,0.,0.));
#784 = DIRECTION('',(0.,0.,1.));
#785 = ORIENTED_EDGE('',*,*,#786,.F.);
#786 = EDGE_CURVE('',#787,#778,#789,.T.);
#787 = VERTEX_POINT('',#788);
#788 = CARTESIAN_POINT('',(31.75,18.5,-48.25));
#789 = LINE('',#790,#791);
#790 = CARTESIAN_POINT('',(32.,18.5,-48.));
#791 = VECTOR('',#792,1.);
#792 = DIRECTION('',(0.707106781187,9.E-17,0.707106781187));
#793 = ORIENTED_EDGE('',*,*,#794,.T.);
#794 = EDGE_CURVE('',#787,#768,#795,.T.);
#795 = CIRCLE('',#796,2.75);
#796 = AXIS2_PLACEMENT_3D('',#797,#798,#799);
#797 = CARTESIAN_POINT('',(31.75,18.5,-51.));
#798 = DIRECTION('',(1.,0.,-0.));
#799 = DIRECTION('',(0.,0.,1.));
#800 = CONICAL_SURFACE('',#801,3.,0.785398163397);
#801 = AXIS2_PLACEMENT_3D('',#802,#803,#804);
#802 = CARTESIAN_POINT('',(32.,18.5,-51.));
#803 = DIRECTION('',(1.,-0.,-0.));
#804 = DIRECTION('',(0.,0.,-1.));
#805 = ADVANCED_FACE('',(#806),#842,.F.);
#806 = FACE_BOUND('',#807,.F.);
#807 = EDGE_LOOP('',(#808,#818,#827,#835));
#808 = ORIENTED_EDGE('',*,*,#809,.T.);
#809 = EDGE_CURVE('',#810,#812,#814,.T.);
#810 = VERTEX_POINT('',#811);
#811 = CARTESIAN_POINT('',(22.25,18.5,-48.25));
#812 = VERTEX_POINT('',#813);
#813 = CARTESIAN_POINT('',(22.,18.5,-48.));
#814 = LINE('',#815,#816);
#815 = CARTESIAN_POINT('',(22.25,18.5,-48.25));
#816 = VECTOR('',#817,1.);
#817 = DIRECTION('',(-0.707106781187,0.,0.707106781187));
#818 = ORIENTED_EDGE('',*,*,#819,.T.);
#819 = EDGE_CURVE('',#812,#820,#822,.T.);
#820 = VERTEX_POINT('',#821);
#821 = CARTESIAN_POINT('',(22.,18.5,-54.));
#822 = CIRCLE('',#823,3.);
#823 = AXIS2_PLACEMENT_3D('',#824,#825,#826);
#824 = CARTESIAN_POINT('',(22.,18.5,-51.));
#825 = DIRECTION('',(1.,0.,-8.E-17));
#826 = DIRECTION('',(-8.E-17,-0.,-1.));
#827 = ORIENTED_EDGE('',*,*,#828,.F.);
#828 = EDGE_CURVE('',#829,#820,#831,.T.);
#829 = VERTEX_POINT('',#830);
#830 = CARTESIAN_POINT('',(22.25,18.5,-53.75));
#831 = LINE('',#832,#833);
#832 = CARTESIAN_POINT('',(22.25,18.5,-53.75));
#833 = VECTOR('',#834,1.);
#834 = DIRECTION('',(-0.707106781187,9.E-17,-0.707106781187));
#835 = ORIENTED_EDGE('',*,*,#836,.T.);
#836 = EDGE_CURVE('',#829,#810,#837,.T.);
#837 = CIRCLE('',#838,2.75);
#838 = AXIS2_PLACEMENT_3D('',#839,#840,#841);
#839 = CARTESIAN_POINT('',(22.25,18.5,-51.));
#840 = DIRECTION('',(-1.,0.,0.));
#841 = DIRECTION('',(0.,0.,-1.));
#842 = CONICAL_SURFACE('',#843,2.75,0.785398163397);
#843 = AXIS2_PLACEMENT_3D('',#844,#845,#846);
#844 = CARTESIAN_POINT('',(22.25,18.5,-51.));
#845 = DIRECTION('',(-1.,0.,0.));
#846 = DIRECTION('',(0.,0.,1.));
#847 = ADVANCED_FACE('',(#848),#884,.F.);
#848 = FACE_BOUND('',#849,.F.);
#849 = EDGE_LOOP('',(#850,#860,#869,#877));
#850 = ORIENTED_EDGE('',*,*,#851,.T.);
#851 = EDGE_CURVE('',#852,#854,#856,.T.);
#852 = VERTEX_POINT('',#853);
#853 = CARTESIAN_POINT('',(31.75,6.5,-53.75));
#854 = VERTEX_POINT('',#855);
#855 = CARTESIAN_POINT('',(32.,6.5,-54.));
#856 = LINE('',#857,#858);
#857 = CARTESIAN_POINT('',(32.,6.5,-54.));
#858 = VECTOR('',#859,1.);
#859 = DIRECTION('',(0.707106781187,0.,-0.707106781187));
#860 = ORIENTED_EDGE('',*,*,#861,.T.);
#861 = EDGE_CURVE('',#854,#862,#864,.T.);
#862 = VERTEX_POINT('',#863);
#863 = CARTESIAN_POINT('',(32.,6.5,-48.));
#864 = CIRCLE('',#865,3.);
#865 = AXIS2_PLACEMENT_3D('',#866,#867,#868);
#866 = CARTESIAN_POINT('',(32.,6.5,-51.));
#867 = DIRECTION('',(-1.,0.,0.));
#868 = DIRECTION('',(0.,0.,1.));
#869 = ORIENTED_EDGE('',*,*,#870,.F.);
#870 = EDGE_CURVE('',#871,#862,#873,.T.);
#871 = VERTEX_POINT('',#872);
#872 = CARTESIAN_POINT('',(31.75,6.5,-48.25));
#873 = LINE('',#874,#875);
#874 = CARTESIAN_POINT('',(32.,6.5,-48.));
#875 = VECTOR('',#876,1.);
#876 = DIRECTION('',(0.707106781187,9.E-17,0.707106781187));
#877 = ORIENTED_EDGE('',*,*,#878,.T.);
#878 = EDGE_CURVE('',#871,#852,#879,.T.);
#879 = CIRCLE('',#880,2.75);
#880 = AXIS2_PLACEMENT_3D('',#881,#882,#883);
#881 = CARTESIAN_POINT('',(31.75,6.5,-51.));
#882 = DIRECTION('',(1.,0.,-0.));
#883 = DIRECTION('',(0.,0.,1.));
#884 = CONICAL_SURFACE('',#885,3.,0.785398163397);
#885 = AXIS2_PLACEMENT_3D('',#886,#887,#888);
#886 = CARTESIAN_POINT('',(32.,6.5,-51.));
#887 = DIRECTION('',(1.,-0.,-0.));
#888 = DIRECTION('',(0.,0.,-1.));
#889 = ADVANCED_FACE('',(#890),#926,.F.);
#890 = FACE_BOUND('',#891,.F.);
#891 = EDGE_LOOP('',(#892,#902,#911,#919));
#892 = ORIENTED_EDGE('',*,*,#893,.T.);
#893 = EDGE_CURVE('',#894,#896,#898,.T.);
#894 = VERTEX_POINT('',#895);
#895 = CARTESIAN_POINT('',(22.25,6.5,-48.25));
#896 = VERTEX_POINT('',#897);
#897 = CARTESIAN_POINT('',(22.,6.5,-48.));
#898 = LINE('',#899,#900);
#899 = CARTESIAN_POINT('',(22.25,6.5,-48.25));
#900 = VECTOR('',#901,1.);
#901 = DIRECTION('',(-0.707106781187,0.,0.707106781187));
#902 = ORIENTED_EDGE('',*,*,#903,.T.);
#903 = EDGE_CURVE('',#896,#904,#906,.T.);
#904 = VERTEX_POINT('',#905);
#905 = CARTESIAN_POINT('',(22.,6.5,-54.));
#906 = CIRCLE('',#907,3.);
#907 = AXIS2_PLACEMENT_3D('',#908,#909,#910);
#908 = CARTESIAN_POINT('',(22.,6.5,-51.));
#909 = DIRECTION('',(1.,0.,-8.E-17));
#910 = DIRECTION('',(-8.E-17,-0.,-1.));
#911 = ORIENTED_EDGE('',*,*,#912,.F.);
#912 = EDGE_CURVE('',#913,#904,#915,.T.);
#913 = VERTEX_POINT('',#914);
#914 = CARTESIAN_POINT('',(22.25,6.5,-53.75));
#915 = LINE('',#916,#917);
#916 = CARTESIAN_POINT('',(22.25,6.5,-53.75));
#917 = VECTOR('',#918,1.);
#918 = DIRECTION('',(-0.707106781187,9.E-17,-0.707106781187));
#919 = ORIENTED_EDGE('',*,*,#920,.T.);
#920 = EDGE_CURVE('',#913,#894,#921,.T.);
#921 = CIRCLE('',#922,2.75);
#922 = AXIS2_PLACEMENT_3D('',#923,#924,#925);
#923 = CARTESIAN_POINT('',(22.25,6.5,-51.));
#924 = DIRECTION('',(-1.,0.,0.));
#925 = DIRECTION('',(0.,0.,-1.));
#926 = CONICAL_SURFACE('',#927,2.75,0.785398163397);
#927 = AXIS2_PLACEMENT_3D('',#928,#929,#930);
#928 = CARTESIAN_POINT('',(22.25,6.5,-51.));
#929 = DIRECTION('',(-1.,0.,0.));
#930 = DIRECTION('',(0.,0.,1.));
#931 = ADVANCED_FACE('',(#932),#948,.F.);
#932 = FACE_BOUND('',#933,.F.);
#933 = EDGE_LOOP('',(#934,#940,#941,#947));
#934 = ORIENTED_EDGE('',*,*,#935,.T.);
#935 = EDGE_CURVE('',#787,#810,#936,.T.);
#936 = LINE('',#937,#938);
#937 = CARTESIAN_POINT('',(22.,18.5,-48.25));
#938 = VECTOR('',#939,1.);
#939 = DIRECTION('',(-1.,-0.,2.3E-16));
#940 = ORIENTED_EDGE('',*,*,#836,.F.);
#941 = ORIENTED_EDGE('',*,*,#942,.F.);
#942 = EDGE_CURVE('',#768,#829,#943,.T.);
#943 = LINE('',#944,#945);
#944 = CARTESIAN_POINT('',(22.,18.5,-53.75));
#945 = VECTOR('',#946,1.);
#946 = DIRECTION('',(-1.,-0.,2.3E-16));
#947 = ORIENTED_EDGE('',*,*,#794,.F.);
#948 = CYLINDRICAL_SURFACE('',#949,2.75);
#949 = AXIS2_PLACEMENT_3D('',#950,#951,#952);
#950 = CARTESIAN_POINT('',(22.,18.5,-51.));
#951 = DIRECTION('',(-1.,-0.,2.3E-16));
#952 = DIRECTION('',(2.3E-16,0.,1.));
#953 = ADVANCED_FACE('',(#954),#970,.F.);
#954 = FACE_BOUND('',#955,.F.);
#955 = EDGE_LOOP('',(#956,#962,#963,#969));
#956 = ORIENTED_EDGE('',*,*,#957,.T.);
#957 = EDGE_CURVE('',#703,#726,#958,.T.);
#958 = LINE('',#959,#960);
#959 = CARTESIAN_POINT('',(22.,6.5,53.75));
#960 = VECTOR('',#961,1.);
#961 = DIRECTION('',(-1.,-0.,2.3E-16));
#962 = ORIENTED_EDGE('',*,*,#752,.F.);
#963 = ORIENTED_EDGE('',*,*,#964,.F.);
#964 = EDGE_CURVE('',#684,#745,#965,.T.);
#965 = LINE('',#966,#967);
#966 = CARTESIAN_POINT('',(22.,6.5,48.25));
#967 = VECTOR('',#968,1.);
#968 = DIRECTION('',(-1.,-0.,2.3E-16));
#969 = ORIENTED_EDGE('',*,*,#710,.F.);
#970 = CYLINDRICAL_SURFACE('',#971,2.75);
#971 = AXIS2_PLACEMENT_3D('',#972,#973,#974);
#972 = CARTESIAN_POINT('',(22.,6.5,51.));
#973 = DIRECTION('',(-1.,-0.,2.3E-16));
#974 = DIRECTION('',(2.3E-16,0.,1.));
#975 = ADVANCED_FACE('',(#976),#992,.F.);
#976 = FACE_BOUND('',#977,.F.);
#977 = EDGE_LOOP('',(#978,#984,#985,#991));
#978 = ORIENTED_EDGE('',*,*,#979,.T.);
#979 = EDGE_CURVE('',#871,#894,#980,.T.);
#980 = LINE('',#981,#982);
#981 = CARTESIAN_POINT('',(22.,6.5,-48.25));
#982 = VECTOR('',#983,1.);
#983 = DIRECTION('',(-1.,-0.,2.3E-16));
#984 = ORIENTED_EDGE('',*,*,#920,.F.);
#985 = ORIENTED_EDGE('',*,*,#986,.F.);
#986 = EDGE_CURVE('',#852,#913,#987,.T.);
#987 = LINE('',#988,#989);
#988 = CARTESIAN_POINT('',(22.,6.5,-53.75));
#989 = VECTOR('',#990,1.);
#990 = DIRECTION('',(-1.,-0.,2.3E-16));
#991 = ORIENTED_EDGE('',*,*,#878,.F.);
#992 = CYLINDRICAL_SURFACE('',#993,2.75);
#993 = AXIS2_PLACEMENT_3D('',#994,#995,#996);
#994 = CARTESIAN_POINT('',(22.,6.5,-51.));
#995 = DIRECTION('',(-1.,-0.,2.3E-16));
#996 = DIRECTION('',(2.3E-16,0.,1.));
#997 = ADVANCED_FACE('',(#998),#1014,.F.);
#998 = FACE_BOUND('',#999,.F.);
#999 = EDGE_LOOP('',(#1000,#1006,#1007,#1013));
#1000 = ORIENTED_EDGE('',*,*,#1001,.T.);
#1001 = EDGE_CURVE('',#619,#642,#1002,.T.);
#1002 = LINE('',#1003,#1004);
#1003 = CARTESIAN_POINT('',(22.,18.5,53.75));
#1004 = VECTOR('',#1005,1.);
#1005 = DIRECTION('',(-1.,-0.,2.3E-16));
#1006 = ORIENTED_EDGE('',*,*,#668,.F.);
#1007 = ORIENTED_EDGE('',*,*,#1008,.F.);
#1008 = EDGE_CURVE('',#600,#661,#1009,.T.);
#1009 = LINE('',#1010,#1011);
#1010 = CARTESIAN_POINT('',(22.,18.5,48.25));
#1011 = VECTOR('',#1012,1.);
#1012 = DIRECTION('',(-1.,-0.,2.3E-16));
#1013 = ORIENTED_EDGE('',*,*,#626,.F.);
#1014 = CYLINDRICAL_SURFACE('',#1015,2.75);
#1015 = AXIS2_PLACEMENT_3D('',#1016,#1017,#1018);
#1016 = CARTESIAN_POINT('',(22.,18.5,51.));
#1017 = DIRECTION('',(-1.,-0.,2.3E-16));
#1018 = DIRECTION('',(2.3E-16,0.,1.));
#1019 = ADVANCED_FACE('',(#1020),#1046,.F.);
#1020 = FACE_BOUND('',#1021,.F.);
#1021 = EDGE_LOOP('',(#1022,#1030,#1031,#1039));
#1022 = ORIENTED_EDGE('',*,*,#1023,.T.);
#1023 = EDGE_CURVE('',#1024,#357,#1026,.T.);
#1024 = VERTEX_POINT('',#1025);
#1025 = CARTESIAN_POINT('',(24.748737341529,11.138192700042,
    22.648737341529));
#1026 = LINE('',#1027,#1028);
#1027 = CARTESIAN_POINT('',(24.748737341529,0.,22.648737341529));
#1028 = VECTOR('',#1029,1.);
#1029 = DIRECTION('',(-0.,-1.,-0.));
#1030 = ORIENTED_EDGE('',*,*,#383,.F.);
#1031 = ORIENTED_EDGE('',*,*,#1032,.F.);
#1032 = EDGE_CURVE('',#1033,#376,#1035,.T.);
#1033 = VERTEX_POINT('',#1034);
#1034 = CARTESIAN_POINT('',(24.748737341529,11.138192700042,
    26.848737341529));
#1035 = LINE('',#1036,#1037);
#1036 = CARTESIAN_POINT('',(24.748737341529,0.,26.848737341529));
#1037 = VECTOR('',#1038,1.);
#1038 = DIRECTION('',(-0.,-1.,-0.));
#1039 = ORIENTED_EDGE('',*,*,#1040,.T.);
#1040 = EDGE_CURVE('',#1033,#1024,#1041,.T.);
#1041 = CIRCLE('',#1042,2.1);
#1042 = AXIS2_PLACEMENT_3D('',#1043,#1044,#1045);
#1043 = CARTESIAN_POINT('',(24.748737341529,11.138192700042,
    24.748737341529));
#1044 = DIRECTION('',(0.,-1.,-0.));
#1045 = DIRECTION('',(0.,0.,-1.));
#1046 = CYLINDRICAL_SURFACE('',#1047,2.1);
#1047 = AXIS2_PLACEMENT_3D('',#1048,#1049,#1050);
#1048 = CARTESIAN_POINT('',(24.748737341529,0.,24.748737341529));
#1049 = DIRECTION('',(-0.,-1.,-0.));
#1050 = DIRECTION('',(0.,0.,-1.));
#1051 = ADVANCED_FACE('',(#1052),#1069,.F.);
#1052 = FACE_BOUND('',#1053,.F.);
#1053 = EDGE_LOOP('',(#1054,#1055,#1063));
#1054 = ORIENTED_EDGE('',*,*,#1040,.F.);
#1055 = ORIENTED_EDGE('',*,*,#1056,.F.);
#1056 = EDGE_CURVE('',#1057,#1033,#1059,.T.);
#1057 = VERTEX_POINT('',#1058);
#1058 = CARTESIAN_POINT('',(24.748737341529,12.4,24.748737341529));
#1059 = LINE('',#1060,#1061);
#1060 = CARTESIAN_POINT('',(24.748737341529,11.138192700042,
    26.848737341529));
#1061 = VECTOR('',#1062,1.);
#1062 = DIRECTION('',(1.E-16,-0.51503807491,0.857167300702));
#1063 = ORIENTED_EDGE('',*,*,#1064,.T.);
#1064 = EDGE_CURVE('',#1057,#1024,#1065,.T.);
#1065 = LINE('',#1066,#1067);
#1066 = CARTESIAN_POINT('',(24.748737341529,11.138192700042,
    22.648737341529));
#1067 = VECTOR('',#1068,1.);
#1068 = DIRECTION('',(0.,-0.51503807491,-0.857167300702));
#1069 = CONICAL_SURFACE('',#1070,2.1,1.029744258677);
#1070 = AXIS2_PLACEMENT_3D('',#1071,#1072,#1073);
#1071 = CARTESIAN_POINT('',(24.748737341529,11.138192700042,
    24.748737341529));
#1072 = DIRECTION('',(-0.,-1.,-0.));
#1073 = DIRECTION('',(0.,0.,-1.));
#1074 = ADVANCED_FACE('',(#1075),#1101,.F.);
#1075 = FACE_BOUND('',#1076,.F.);
#1076 = EDGE_LOOP('',(#1077,#1085,#1086,#1094));
#1077 = ORIENTED_EDGE('',*,*,#1078,.T.);
#1078 = EDGE_CURVE('',#1079,#399,#1081,.T.);
#1079 = VERTEX_POINT('',#1080);
#1080 = CARTESIAN_POINT('',(-24.74873734152,11.138192700042,
    22.648737341529));
#1081 = LINE('',#1082,#1083);
#1082 = CARTESIAN_POINT('',(-24.74873734152,0.,22.648737341529));
#1083 = VECTOR('',#1084,1.);
#1084 = DIRECTION('',(-0.,-1.,-0.));
#1085 = ORIENTED_EDGE('',*,*,#425,.F.);
#1086 = ORIENTED_EDGE('',*,*,#1087,.F.);
#1087 = EDGE_CURVE('',#1088,#418,#1090,.T.);
#1088 = VERTEX_POINT('',#1089);
#1089 = CARTESIAN_POINT('',(-24.74873734152,11.138192700042,
    26.848737341529));
#1090 = LINE('',#1091,#1092);
#1091 = CARTESIAN_POINT('',(-24.74873734152,0.,26.848737341529));
#1092 = VECTOR('',#1093,1.);
#1093 = DIRECTION('',(-0.,-1.,-0.));
#1094 = ORIENTED_EDGE('',*,*,#1095,.T.);
#1095 = EDGE_CURVE('',#1088,#1079,#1096,.T.);
#1096 = CIRCLE('',#1097,2.1);
#1097 = AXIS2_PLACEMENT_3D('',#1098,#1099,#1100);
#1098 = CARTESIAN_POINT('',(-24.74873734152,11.138192700042,
    24.748737341529));
#1099 = DIRECTION('',(0.,-1.,-0.));
#1100 = DIRECTION('',(0.,0.,-1.));
#1101 = CYLINDRICAL_SURFACE('',#1102,2.1);
#1102 = AXIS2_PLACEMENT_3D('',#1103,#1104,#1105);
#1103 = CARTESIAN_POINT('',(-24.74873734152,0.,24.748737341529));
#1104 = DIRECTION('',(-0.,-1.,-0.));
#1105 = DIRECTION('',(0.,0.,-1.));
#1106 = ADVANCED_FACE('',(#1107),#1124,.F.);
#1107 = FACE_BOUND('',#1108,.F.);
#1108 = EDGE_LOOP('',(#1109,#1110,#1118));
#1109 = ORIENTED_EDGE('',*,*,#1095,.F.);
#1110 = ORIENTED_EDGE('',*,*,#1111,.F.);
#1111 = EDGE_CURVE('',#1112,#1088,#1114,.T.);
#1112 = VERTEX_POINT('',#1113);
#1113 = CARTESIAN_POINT('',(-24.74873734152,12.4,24.748737341529));
#1114 = LINE('',#1115,#1116);
#1115 = CARTESIAN_POINT('',(-24.74873734152,11.138192700042,
    26.848737341529));
#1116 = VECTOR('',#1117,1.);
#1117 = DIRECTION('',(1.E-16,-0.51503807491,0.857167300702));
#1118 = ORIENTED_EDGE('',*,*,#1119,.T.);
#1119 = EDGE_CURVE('',#1112,#1079,#1120,.T.);
#1120 = LINE('',#1121,#1122);
#1121 = CARTESIAN_POINT('',(-24.74873734152,11.138192700042,
    22.648737341529));
#1122 = VECTOR('',#1123,1.);
#1123 = DIRECTION('',(0.,-0.51503807491,-0.857167300702));
#1124 = CONICAL_SURFACE('',#1125,2.1,1.029744258677);
#1125 = AXIS2_PLACEMENT_3D('',#1126,#1127,#1128);
#1126 = CARTESIAN_POINT('',(-24.74873734152,11.138192700042,
    24.748737341529));
#1127 = DIRECTION('',(-0.,-1.,-0.));
#1128 = DIRECTION('',(0.,0.,-1.));
#1129 = ADVANCED_FACE('',(#1130),#1156,.F.);
#1130 = FACE_BOUND('',#1131,.F.);
#1131 = EDGE_LOOP('',(#1132,#1140,#1141,#1149));
#1132 = ORIENTED_EDGE('',*,*,#1133,.T.);
#1133 = EDGE_CURVE('',#1134,#441,#1136,.T.);
#1134 = VERTEX_POINT('',#1135);
#1135 = CARTESIAN_POINT('',(-24.74873734152,11.138192700042,
    -26.84873734152));
#1136 = LINE('',#1137,#1138);
#1137 = CARTESIAN_POINT('',(-24.74873734152,0.,-26.84873734152));
#1138 = VECTOR('',#1139,1.);
#1139 = DIRECTION('',(-0.,-1.,-0.));
#1140 = ORIENTED_EDGE('',*,*,#467,.F.);
#1141 = ORIENTED_EDGE('',*,*,#1142,.F.);
#1142 = EDGE_CURVE('',#1143,#460,#1145,.T.);
#1143 = VERTEX_POINT('',#1144);
#1144 = CARTESIAN_POINT('',(-24.74873734152,11.138192700042,
    -22.64873734152));
#1145 = LINE('',#1146,#1147);
#1146 = CARTESIAN_POINT('',(-24.74873734152,0.,-22.64873734152));
#1147 = VECTOR('',#1148,1.);
#1148 = DIRECTION('',(-0.,-1.,-0.));
#1149 = ORIENTED_EDGE('',*,*,#1150,.T.);
#1150 = EDGE_CURVE('',#1143,#1134,#1151,.T.);
#1151 = CIRCLE('',#1152,2.1);
#1152 = AXIS2_PLACEMENT_3D('',#1153,#1154,#1155);
#1153 = CARTESIAN_POINT('',(-24.74873734152,11.138192700042,
    -24.74873734152));
#1154 = DIRECTION('',(0.,-1.,-0.));
#1155 = DIRECTION('',(0.,0.,-1.));
#1156 = CYLINDRICAL_SURFACE('',#1157,2.1);
#1157 = AXIS2_PLACEMENT_3D('',#1158,#1159,#1160);
#1158 = CARTESIAN_POINT('',(-24.74873734152,0.,-24.74873734152));
#1159 = DIRECTION('',(-0.,-1.,-0.));
#1160 = DIRECTION('',(0.,0.,-1.));
#1161 = ADVANCED_FACE('',(#1162),#1179,.F.);
#1162 = FACE_BOUND('',#1163,.F.);
#1163 = EDGE_LOOP('',(#1164,#1165,#1173));
#1164 = ORIENTED_EDGE('',*,*,#1150,.F.);
#1165 = ORIENTED_EDGE('',*,*,#1166,.F.);
#1166 = EDGE_CURVE('',#1167,#1143,#1169,.T.);
#1167 = VERTEX_POINT('',#1168);
#1168 = CARTESIAN_POINT('',(-24.74873734152,12.4,-24.74873734152));
#1169 = LINE('',#1170,#1171);
#1170 = CARTESIAN_POINT('',(-24.74873734152,11.138192700042,
    -22.64873734152));
#1171 = VECTOR('',#1172,1.);
#1172 = DIRECTION('',(1.E-16,-0.51503807491,0.857167300702));
#1173 = ORIENTED_EDGE('',*,*,#1174,.T.);
#1174 = EDGE_CURVE('',#1167,#1134,#1175,.T.);
#1175 = LINE('',#1176,#1177);
#1176 = CARTESIAN_POINT('',(-24.74873734152,11.138192700042,
    -26.84873734152));
#1177 = VECTOR('',#1178,1.);
#1178 = DIRECTION('',(0.,-0.51503807491,-0.857167300702));
#1179 = CONICAL_SURFACE('',#1180,2.1,1.029744258677);
#1180 = AXIS2_PLACEMENT_3D('',#1181,#1182,#1183);
#1181 = CARTESIAN_POINT('',(-24.74873734152,11.138192700042,
    -24.74873734152));
#1182 = DIRECTION('',(-0.,-1.,-0.));
#1183 = DIRECTION('',(0.,0.,-1.));
#1184 = ADVANCED_FACE('',(#1185),#1211,.F.);
#1185 = FACE_BOUND('',#1186,.F.);
#1186 = EDGE_LOOP('',(#1187,#1195,#1196,#1204));
#1187 = ORIENTED_EDGE('',*,*,#1188,.T.);
#1188 = EDGE_CURVE('',#1189,#483,#1191,.T.);
#1189 = VERTEX_POINT('',#1190);
#1190 = CARTESIAN_POINT('',(24.748737341529,11.138192700042,
    -26.84873734152));
#1191 = LINE('',#1192,#1193);
#1192 = CARTESIAN_POINT('',(24.748737341529,0.,-26.84873734152));
#1193 = VECTOR('',#1194,1.);
#1194 = DIRECTION('',(-0.,-1.,-0.));
#1195 = ORIENTED_EDGE('',*,*,#509,.F.);
#1196 = ORIENTED_EDGE('',*,*,#1197,.F.);
#1197 = EDGE_CURVE('',#1198,#502,#1200,.T.);
#1198 = VERTEX_POINT('',#1199);
#1199 = CARTESIAN_POINT('',(24.748737341529,11.138192700042,
    -22.64873734152));
#1200 = LINE('',#1201,#1202);
#1201 = CARTESIAN_POINT('',(24.748737341529,0.,-22.64873734152));
#1202 = VECTOR('',#1203,1.);
#1203 = DIRECTION('',(-0.,-1.,-0.));
#1204 = ORIENTED_EDGE('',*,*,#1205,.T.);
#1205 = EDGE_CURVE('',#1198,#1189,#1206,.T.);
#1206 = CIRCLE('',#1207,2.1);
#1207 = AXIS2_PLACEMENT_3D('',#1208,#1209,#1210);
#1208 = CARTESIAN_POINT('',(24.748737341529,11.138192700042,
    -24.74873734152));
#1209 = DIRECTION('',(0.,-1.,-0.));
#1210 = DIRECTION('',(0.,0.,-1.));
#1211 = CYLINDRICAL_SURFACE('',#1212,2.1);
#1212 = AXIS2_PLACEMENT_3D('',#1213,#1214,#1215);
#1213 = CARTESIAN_POINT('',(24.748737341529,0.,-24.74873734152));
#1214 = DIRECTION('',(-0.,-1.,-0.));
#1215 = DIRECTION('',(0.,0.,-1.));
#1216 = ADVANCED_FACE('',(#1217),#1234,.F.);
#1217 = FACE_BOUND('',#1218,.F.);
#1218 = EDGE_LOOP('',(#1219,#1220,#1228));
#1219 = ORIENTED_EDGE('',*,*,#1205,.F.);
#1220 = ORIENTED_EDGE('',*,*,#1221,.F.);
#1221 = EDGE_CURVE('',#1222,#1198,#1224,.T.);
#1222 = VERTEX_POINT('',#1223);
#1223 = CARTESIAN_POINT('',(24.748737341529,12.4,-24.74873734152));
#1224 = LINE('',#1225,#1226);
#1225 = CARTESIAN_POINT('',(24.748737341529,11.138192700042,
    -22.64873734152));
#1226 = VECTOR('',#1227,1.);
#1227 = DIRECTION('',(1.E-16,-0.51503807491,0.857167300702));
#1228 = ORIENTED_EDGE('',*,*,#1229,.T.);
#1229 = EDGE_CURVE('',#1222,#1189,#1230,.T.);
#1230 = LINE('',#1231,#1232);
#1231 = CARTESIAN_POINT('',(24.748737341529,11.138192700042,
    -26.84873734152));
#1232 = VECTOR('',#1233,1.);
#1233 = DIRECTION('',(0.,-0.51503807491,-0.857167300702));
#1234 = CONICAL_SURFACE('',#1235,2.1,1.029744258677);
#1235 = AXIS2_PLACEMENT_3D('',#1236,#1237,#1238);
#1236 = CARTESIAN_POINT('',(24.748737341529,11.138192700042,
    -24.74873734152));
#1237 = DIRECTION('',(-0.,-1.,-0.));
#1238 = DIRECTION('',(0.,0.,-1.));
#1239 = ADVANCED_FACE('',(#1240),#1256,.F.);
#1240 = FACE_BOUND('',#1241,.F.);
#1241 = EDGE_LOOP('',(#1242,#1248,#1249,#1255));
#1242 = ORIENTED_EDGE('',*,*,#1243,.T.);
#1243 = EDGE_CURVE('',#301,#525,#1244,.T.);
#1244 = LINE('',#1245,#1246);
#1245 = CARTESIAN_POINT('',(8.2E-15,25.,-25.125));
#1246 = VECTOR('',#1247,1.);
#1247 = DIRECTION('',(-0.,-1.,-0.));
#1248 = ORIENTED_EDGE('',*,*,#551,.F.);
#1249 = ORIENTED_EDGE('',*,*,#1250,.F.);
#1250 = EDGE_CURVE('',#282,#544,#1251,.T.);
#1251 = LINE('',#1252,#1253);
#1252 = CARTESIAN_POINT('',(1.128E-14,25.,25.125));
#1253 = VECTOR('',#1254,1.);
#1254 = DIRECTION('',(-0.,-1.,-0.));
#1255 = ORIENTED_EDGE('',*,*,#308,.F.);
#1256 = CYLINDRICAL_SURFACE('',#1257,25.125);
#1257 = AXIS2_PLACEMENT_3D('',#1258,#1259,#1260);
#1258 = CARTESIAN_POINT('',(8.2E-15,25.,-1.64E-15));
#1259 = DIRECTION('',(-0.,-1.,-0.));
#1260 = DIRECTION('',(0.,0.,-1.));
#1261 = ADVANCED_FACE('',(#1262),#1281,.F.);
#1262 = FACE_BOUND('',#1263,.F.);
#1263 = EDGE_LOOP('',(#1264,#1272,#1273,#1274));
#1264 = ORIENTED_EDGE('',*,*,#1265,.F.);
#1265 = EDGE_CURVE('',#569,#1266,#1268,.T.);
#1266 = VERTEX_POINT('',#1267);
#1267 = CARTESIAN_POINT('',(14.345990666098,24.75,-20.62663755458));
#1268 = LINE('',#1269,#1270);
#1269 = CARTESIAN_POINT('',(14.345990666098,25.,-20.62663755458));
#1270 = VECTOR('',#1271,1.);
#1271 = DIRECTION('',(0.,1.,0.));
#1272 = ORIENTED_EDGE('',*,*,#584,.F.);
#1273 = ORIENTED_EDGE('',*,*,#1243,.F.);
#1274 = ORIENTED_EDGE('',*,*,#1275,.F.);
#1275 = EDGE_CURVE('',#1266,#301,#1276,.T.);
#1276 = CIRCLE('',#1277,25.125);
#1277 = AXIS2_PLACEMENT_3D('',#1278,#1279,#1280);
#1278 = CARTESIAN_POINT('',(8.2E-15,24.75,-1.64E-15));
#1279 = DIRECTION('',(0.,1.,0.));
#1280 = DIRECTION('',(0.,-0.,1.));
#1281 = CYLINDRICAL_SURFACE('',#1282,25.125);
#1282 = AXIS2_PLACEMENT_3D('',#1283,#1284,#1285);
#1283 = CARTESIAN_POINT('',(8.2E-15,25.,-1.64E-15));
#1284 = DIRECTION('',(-0.,-1.,-0.));
#1285 = DIRECTION('',(0.,0.,-1.));
#1286 = ADVANCED_FACE('',(#1287,#1297,#1307),#1341,.F.);
#1287 = FACE_BOUND('',#1288,.T.);
#1288 = EDGE_LOOP('',(#1289,#1290));
#1289 = ORIENTED_EDGE('',*,*,#861,.T.);
#1290 = ORIENTED_EDGE('',*,*,#1291,.T.);
#1291 = EDGE_CURVE('',#862,#854,#1292,.T.);
#1292 = CIRCLE('',#1293,3.);
#1293 = AXIS2_PLACEMENT_3D('',#1294,#1295,#1296);
#1294 = CARTESIAN_POINT('',(32.,6.5,-51.));
#1295 = DIRECTION('',(-1.,0.,0.));
#1296 = DIRECTION('',(0.,0.,1.));
#1297 = FACE_BOUND('',#1298,.T.);
#1298 = EDGE_LOOP('',(#1299,#1300));
#1299 = ORIENTED_EDGE('',*,*,#777,.T.);
#1300 = ORIENTED_EDGE('',*,*,#1301,.T.);
#1301 = EDGE_CURVE('',#778,#770,#1302,.T.);
#1302 = CIRCLE('',#1303,3.);
#1303 = AXIS2_PLACEMENT_3D('',#1304,#1305,#1306);
#1304 = CARTESIAN_POINT('',(32.,18.5,-51.));
#1305 = DIRECTION('',(-1.,0.,0.));
#1306 = DIRECTION('',(0.,0.,1.));
#1307 = FACE_BOUND('',#1308,.T.);
#1308 = EDGE_LOOP('',(#1309,#1319,#1327,#1335));
#1309 = ORIENTED_EDGE('',*,*,#1310,.T.);
#1310 = EDGE_CURVE('',#1311,#1313,#1315,.T.);
#1311 = VERTEX_POINT('',#1312);
#1312 = CARTESIAN_POINT('',(32.,24.75,-26.4497474683));
#1313 = VERTEX_POINT('',#1314);
#1314 = CARTESIAN_POINT('',(32.,0.25,-26.4497474683));
#1315 = LINE('',#1316,#1317);
#1316 = CARTESIAN_POINT('',(32.,0.,-26.4497474683));
#1317 = VECTOR('',#1318,1.);
#1318 = DIRECTION('',(-0.,-1.,-0.));
#1319 = ORIENTED_EDGE('',*,*,#1320,.T.);
#1320 = EDGE_CURVE('',#1313,#1321,#1323,.T.);
#1321 = VERTEX_POINT('',#1322);
#1322 = CARTESIAN_POINT('',(32.,0.25,-54.5));
#1323 = LINE('',#1324,#1325);
#1324 = CARTESIAN_POINT('',(32.,0.25,-55.));
#1325 = VECTOR('',#1326,1.);
#1326 = DIRECTION('',(0.,0.,-1.));
#1327 = ORIENTED_EDGE('',*,*,#1328,.T.);
#1328 = EDGE_CURVE('',#1321,#1329,#1331,.T.);
#1329 = VERTEX_POINT('',#1330);
#1330 = CARTESIAN_POINT('',(32.,24.75,-54.5));
#1331 = LINE('',#1332,#1333);
#1332 = CARTESIAN_POINT('',(32.,25.,-54.5));
#1333 = VECTOR('',#1334,1.);
#1334 = DIRECTION('',(-0.,1.,-0.));
#1335 = ORIENTED_EDGE('',*,*,#1336,.T.);
#1336 = EDGE_CURVE('',#1329,#1311,#1337,.T.);
#1337 = LINE('',#1338,#1339);
#1338 = CARTESIAN_POINT('',(32.,24.75,-26.4497474683));
#1339 = VECTOR('',#1340,1.);
#1340 = DIRECTION('',(0.,-0.,1.));
#1341 = PLANE('',#1342);
#1342 = AXIS2_PLACEMENT_3D('',#1343,#1344,#1345);
#1343 = CARTESIAN_POINT('',(32.,25.,-55.));
#1344 = DIRECTION('',(-1.,0.,0.));
#1345 = DIRECTION('',(0.,0.,1.));
#1346 = ADVANCED_FACE('',(#1347),#1381,.F.);
#1347 = FACE_BOUND('',#1348,.T.);
#1348 = EDGE_LOOP('',(#1349,#1359,#1367,#1375));
#1349 = ORIENTED_EDGE('',*,*,#1350,.T.);
#1350 = EDGE_CURVE('',#1351,#1353,#1355,.T.);
#1351 = VERTEX_POINT('',#1352);
#1352 = CARTESIAN_POINT('',(-26.5,24.75,30.));
#1353 = VERTEX_POINT('',#1354);
#1354 = CARTESIAN_POINT('',(-26.5,0.25,30.));
#1355 = LINE('',#1356,#1357);
#1356 = CARTESIAN_POINT('',(-26.5,25.,30.));
#1357 = VECTOR('',#1358,1.);
#1358 = DIRECTION('',(0.,-1.,0.));
#1359 = ORIENTED_EDGE('',*,*,#1360,.T.);
#1360 = EDGE_CURVE('',#1353,#1361,#1363,.T.);
#1361 = VERTEX_POINT('',#1362);
#1362 = CARTESIAN_POINT('',(18.5,0.25,30.));
#1363 = LINE('',#1364,#1365);
#1364 = CARTESIAN_POINT('',(-30.,0.25,30.));
#1365 = VECTOR('',#1366,1.);
#1366 = DIRECTION('',(1.,0.,0.));
#1367 = ORIENTED_EDGE('',*,*,#1368,.T.);
#1368 = EDGE_CURVE('',#1361,#1369,#1371,.T.);
#1369 = VERTEX_POINT('',#1370);
#1370 = CARTESIAN_POINT('',(18.5,24.75,30.));
#1371 = LINE('',#1372,#1373);
#1372 = CARTESIAN_POINT('',(18.5,25.,30.));
#1373 = VECTOR('',#1374,1.);
#1374 = DIRECTION('',(-0.,1.,-0.));
#1375 = ORIENTED_EDGE('',*,*,#1376,.T.);
#1376 = EDGE_CURVE('',#1369,#1351,#1377,.T.);
#1377 = LINE('',#1378,#1379);
#1378 = CARTESIAN_POINT('',(-26.5,24.75,30.));
#1379 = VECTOR('',#1380,1.);
#1380 = DIRECTION('',(-1.,0.,0.));
#1381 = PLANE('',#1382);
#1382 = AXIS2_PLACEMENT_3D('',#1383,#1384,#1385);
#1383 = CARTESIAN_POINT('',(-30.,25.,30.));
#1384 = DIRECTION('',(0.,0.,-1.));
#1385 = DIRECTION('',(-1.,0.,-0.));
#1386 = ADVANCED_FACE('',(#1387),#1421,.F.);
#1387 = FACE_BOUND('',#1388,.T.);
#1388 = EDGE_LOOP('',(#1389,#1399,#1407,#1415));
#1389 = ORIENTED_EDGE('',*,*,#1390,.T.);
#1390 = EDGE_CURVE('',#1391,#1393,#1395,.T.);
#1391 = VERTEX_POINT('',#1392);
#1392 = CARTESIAN_POINT('',(18.5,24.75,-30.));
#1393 = VERTEX_POINT('',#1394);
#1394 = CARTESIAN_POINT('',(18.5,0.25,-30.));
#1395 = LINE('',#1396,#1397);
#1396 = CARTESIAN_POINT('',(18.5,0.,-30.));
#1397 = VECTOR('',#1398,1.);
#1398 = DIRECTION('',(-0.,-1.,0.));
#1399 = ORIENTED_EDGE('',*,*,#1400,.T.);
#1400 = EDGE_CURVE('',#1393,#1401,#1403,.T.);
#1401 = VERTEX_POINT('',#1402);
#1402 = CARTESIAN_POINT('',(-26.5,0.25,-30.));
#1403 = LINE('',#1404,#1405);
#1404 = CARTESIAN_POINT('',(-30.,0.25,-30.));
#1405 = VECTOR('',#1406,1.);
#1406 = DIRECTION('',(-1.,0.,0.));
#1407 = ORIENTED_EDGE('',*,*,#1408,.T.);
#1408 = EDGE_CURVE('',#1401,#1409,#1411,.T.);
#1409 = VERTEX_POINT('',#1410);
#1410 = CARTESIAN_POINT('',(-26.5,24.75,-30.));
#1411 = LINE('',#1412,#1413);
#1412 = CARTESIAN_POINT('',(-26.5,25.,-30.));
#1413 = VECTOR('',#1414,1.);
#1414 = DIRECTION('',(-0.,1.,-0.));
#1415 = ORIENTED_EDGE('',*,*,#1416,.T.);
#1416 = EDGE_CURVE('',#1409,#1391,#1417,.T.);
#1417 = LINE('',#1418,#1419);
#1418 = CARTESIAN_POINT('',(18.5,24.75,-30.));
#1419 = VECTOR('',#1420,1.);
#1420 = DIRECTION('',(1.,0.,0.));
#1421 = PLANE('',#1422);
#1422 = AXIS2_PLACEMENT_3D('',#1423,#1424,#1425);
#1423 = CARTESIAN_POINT('',(-30.,25.,-30.));
#1424 = DIRECTION('',(0.,0.,1.));
#1425 = DIRECTION('',(1.,0.,-0.));
#1426 = ADVANCED_FACE('',(#1427,#1437,#1447,#1457,#1467),#1708,.T.);
#1427 = FACE_BOUND('',#1428,.T.);
#1428 = EDGE_LOOP('',(#1429,#1436));
#1429 = ORIENTED_EDGE('',*,*,#1430,.F.);
#1430 = EDGE_CURVE('',#24,#32,#1431,.T.);
#1431 = CIRCLE('',#1432,1.65);
#1432 = AXIS2_PLACEMENT_3D('',#1433,#1434,#1435);
#1433 = CARTESIAN_POINT('',(24.748737341529,25.,-24.74873734153));
#1434 = DIRECTION('',(-0.,1.,0.));
#1435 = DIRECTION('',(0.,0.,1.));
#1436 = ORIENTED_EDGE('',*,*,#31,.F.);
#1437 = FACE_BOUND('',#1438,.T.);
#1438 = EDGE_LOOP('',(#1439,#1446));
#1439 = ORIENTED_EDGE('',*,*,#1440,.F.);
#1440 = EDGE_CURVE('',#89,#97,#1441,.T.);
#1441 = CIRCLE('',#1442,1.65);
#1442 = AXIS2_PLACEMENT_3D('',#1443,#1444,#1445);
#1443 = CARTESIAN_POINT('',(24.748737341529,25.,24.74873734153));
#1444 = DIRECTION('',(-0.,1.,0.));
#1445 = DIRECTION('',(0.,0.,1.));
#1446 = ORIENTED_EDGE('',*,*,#96,.F.);
#1447 = FACE_BOUND('',#1448,.T.);
#1448 = EDGE_LOOP('',(#1449,#1456));
#1449 = ORIENTED_EDGE('',*,*,#1450,.F.);
#1450 = EDGE_CURVE('',#154,#162,#1451,.T.);
#1451 = CIRCLE('',#1452,1.65);
#1452 = AXIS2_PLACEMENT_3D('',#1453,#1454,#1455);
#1453 = CARTESIAN_POINT('',(-24.74873734153,25.,24.74873734153));
#1454 = DIRECTION('',(-0.,1.,0.));
#1455 = DIRECTION('',(0.,0.,1.));
#1456 = ORIENTED_EDGE('',*,*,#161,.F.);
#1457 = FACE_BOUND('',#1458,.T.);
#1458 = EDGE_LOOP('',(#1459,#1466));
#1459 = ORIENTED_EDGE('',*,*,#1460,.F.);
#1460 = EDGE_CURVE('',#219,#227,#1461,.T.);
#1461 = CIRCLE('',#1462,1.65);
#1462 = AXIS2_PLACEMENT_3D('',#1463,#1464,#1465);
#1463 = CARTESIAN_POINT('',(-24.74873734153,25.,-24.74873734153));
#1464 = DIRECTION('',(-0.,1.,0.));
#1465 = DIRECTION('',(0.,0.,1.));
#1466 = ORIENTED_EDGE('',*,*,#226,.F.);
#1467 = FACE_BOUND('',#1468,.T.);
#1468 = EDGE_LOOP('',(#1469,#1479,#1488,#1496,#1505,#1513,#1522,#1530,
    #1539,#1547,#1556,#1564,#1571,#1572,#1573,#1582,#1591,#1599,#1608,
    #1616,#1625,#1633,#1642,#1650,#1659,#1667,#1676,#1684,#1693,#1701));
#1469 = ORIENTED_EDGE('',*,*,#1470,.T.);
#1470 = EDGE_CURVE('',#1471,#1473,#1475,.T.);
#1471 = VERTEX_POINT('',#1472);
#1472 = CARTESIAN_POINT('',(-26.5,25.,29.75));
#1473 = VERTEX_POINT('',#1474);
#1474 = CARTESIAN_POINT('',(18.5,25.,29.75));
#1475 = LINE('',#1476,#1477);
#1476 = CARTESIAN_POINT('',(18.5,25.,29.75));
#1477 = VECTOR('',#1478,1.);
#1478 = DIRECTION('',(1.,0.,0.));
#1479 = ORIENTED_EDGE('',*,*,#1480,.T.);
#1480 = EDGE_CURVE('',#1473,#1481,#1483,.T.);
#1481 = VERTEX_POINT('',#1482);
#1482 = CARTESIAN_POINT('',(22.25,25.,33.5));
#1483 = CIRCLE('',#1484,3.75);
#1484 = AXIS2_PLACEMENT_3D('',#1485,#1486,#1487);
#1485 = CARTESIAN_POINT('',(18.5,25.,33.5));
#1486 = DIRECTION('',(0.,-1.,0.));
#1487 = DIRECTION('',(0.,0.,1.));
#1488 = ORIENTED_EDGE('',*,*,#1489,.T.);
#1489 = EDGE_CURVE('',#1481,#1490,#1492,.T.);
#1490 = VERTEX_POINT('',#1491);
#1491 = CARTESIAN_POINT('',(22.25,25.,54.5));
#1492 = LINE('',#1493,#1494);
#1493 = CARTESIAN_POINT('',(22.25,25.,54.5));
#1494 = VECTOR('',#1495,1.);
#1495 = DIRECTION('',(-8.E-17,0.,1.));
#1496 = ORIENTED_EDGE('',*,*,#1497,.T.);
#1497 = EDGE_CURVE('',#1490,#1498,#1500,.T.);
#1498 = VERTEX_POINT('',#1499);
#1499 = CARTESIAN_POINT('',(22.5,25.,54.75));
#1500 = CIRCLE('',#1501,0.25);
#1501 = AXIS2_PLACEMENT_3D('',#1502,#1503,#1504);
#1502 = CARTESIAN_POINT('',(22.5,25.,54.5));
#1503 = DIRECTION('',(0.,1.,0.));
#1504 = DIRECTION('',(0.,-0.,1.));
#1505 = ORIENTED_EDGE('',*,*,#1506,.T.);
#1506 = EDGE_CURVE('',#1498,#1507,#1509,.T.);
#1507 = VERTEX_POINT('',#1508);
#1508 = CARTESIAN_POINT('',(31.5,25.,54.75));
#1509 = LINE('',#1510,#1511);
#1510 = CARTESIAN_POINT('',(31.5,25.,54.75));
#1511 = VECTOR('',#1512,1.);
#1512 = DIRECTION('',(1.,0.,0.));
#1513 = ORIENTED_EDGE('',*,*,#1514,.T.);
#1514 = EDGE_CURVE('',#1507,#1515,#1517,.T.);
#1515 = VERTEX_POINT('',#1516);
#1516 = CARTESIAN_POINT('',(31.75,25.,54.5));
#1517 = CIRCLE('',#1518,0.25);
#1518 = AXIS2_PLACEMENT_3D('',#1519,#1520,#1521);
#1519 = CARTESIAN_POINT('',(31.5,25.,54.5));
#1520 = DIRECTION('',(0.,1.,0.));
#1521 = DIRECTION('',(0.,-0.,1.));
#1522 = ORIENTED_EDGE('',*,*,#1523,.T.);
#1523 = EDGE_CURVE('',#1515,#1524,#1526,.T.);
#1524 = VERTEX_POINT('',#1525);
#1525 = CARTESIAN_POINT('',(31.75,25.,26.449747468306));
#1526 = LINE('',#1527,#1528);
#1527 = CARTESIAN_POINT('',(31.75,25.,26.449747468306));
#1528 = VECTOR('',#1529,1.);
#1529 = DIRECTION('',(0.,0.,-1.));
#1530 = ORIENTED_EDGE('',*,*,#1531,.T.);
#1531 = EDGE_CURVE('',#1524,#1532,#1534,.T.);
#1532 = VERTEX_POINT('',#1533);
#1533 = CARTESIAN_POINT('',(30.798097038856,25.,24.15165042945));
#1534 = CIRCLE('',#1535,3.25);
#1535 = AXIS2_PLACEMENT_3D('',#1536,#1537,#1538);
#1536 = CARTESIAN_POINT('',(28.5,25.,26.449747468306));
#1537 = DIRECTION('',(0.,1.,0.));
#1538 = DIRECTION('',(0.,-0.,1.));
#1539 = ORIENTED_EDGE('',*,*,#1540,.T.);
#1540 = EDGE_CURVE('',#1532,#1541,#1543,.T.);
#1541 = VERTEX_POINT('',#1542);
#1542 = CARTESIAN_POINT('',(27.84834957055,25.,21.201902961144));
#1543 = LINE('',#1544,#1545);
#1544 = CARTESIAN_POINT('',(3.323223304703,25.,-3.323223304703));
#1545 = VECTOR('',#1546,1.);
#1546 = DIRECTION('',(-0.707106781187,0.,-0.707106781187));
#1547 = ORIENTED_EDGE('',*,*,#1548,.T.);
#1548 = EDGE_CURVE('',#1541,#1549,#1551,.T.);
#1549 = VERTEX_POINT('',#1550);
#1550 = CARTESIAN_POINT('',(25.550252531694,25.,20.25));
#1551 = CIRCLE('',#1552,3.25);
#1552 = AXIS2_PLACEMENT_3D('',#1553,#1554,#1555);
#1553 = CARTESIAN_POINT('',(25.550252531694,25.,23.5));
#1554 = DIRECTION('',(0.,1.,0.));
#1555 = DIRECTION('',(0.,-0.,1.));
#1556 = ORIENTED_EDGE('',*,*,#1557,.T.);
#1557 = EDGE_CURVE('',#1549,#1558,#1560,.T.);
#1558 = VERTEX_POINT('',#1559);
#1559 = CARTESIAN_POINT('',(16.344437127047,25.,20.25));
#1560 = LINE('',#1561,#1562);
#1561 = CARTESIAN_POINT('',(16.344437127047,25.,20.25));
#1562 = VECTOR('',#1563,1.);
#1563 = DIRECTION('',(-1.,0.,-2.2E-16));
#1564 = ORIENTED_EDGE('',*,*,#1565,.T.);
#1565 = EDGE_CURVE('',#1558,#326,#1566,.T.);
#1566 = CIRCLE('',#1567,3.25);
#1567 = AXIS2_PLACEMENT_3D('',#1568,#1569,#1570);
#1568 = CARTESIAN_POINT('',(16.344437127047,25.,23.5));
#1569 = DIRECTION('',(0.,1.,0.));
#1570 = DIRECTION('',(0.,-0.,1.));
#1571 = ORIENTED_EDGE('',*,*,#333,.T.);
#1572 = ORIENTED_EDGE('',*,*,#291,.T.);
#1573 = ORIENTED_EDGE('',*,*,#1574,.T.);
#1574 = EDGE_CURVE('',#292,#1575,#1577,.T.);
#1575 = VERTEX_POINT('',#1576);
#1576 = CARTESIAN_POINT('',(14.48873684188,25.,-20.83187772925));
#1577 = CIRCLE('',#1578,25.375);
#1578 = AXIS2_PLACEMENT_3D('',#1579,#1580,#1581);
#1579 = CARTESIAN_POINT('',(8.2E-15,25.,-1.64E-15));
#1580 = DIRECTION('',(0.,-1.,0.));
#1581 = DIRECTION('',(0.,0.,1.));
#1582 = ORIENTED_EDGE('',*,*,#1583,.T.);
#1583 = EDGE_CURVE('',#1575,#1584,#1586,.T.);
#1584 = VERTEX_POINT('',#1585);
#1585 = CARTESIAN_POINT('',(16.344437127047,25.,-20.25));
#1586 = CIRCLE('',#1587,3.25);
#1587 = AXIS2_PLACEMENT_3D('',#1588,#1589,#1590);
#1588 = CARTESIAN_POINT('',(16.344437127047,25.,-23.5));
#1589 = DIRECTION('',(0.,1.,0.));
#1590 = DIRECTION('',(0.,-0.,1.));
#1591 = ORIENTED_EDGE('',*,*,#1592,.T.);
#1592 = EDGE_CURVE('',#1584,#1593,#1595,.T.);
#1593 = VERTEX_POINT('',#1594);
#1594 = CARTESIAN_POINT('',(25.550252531694,25.,-20.25));
#1595 = LINE('',#1596,#1597);
#1596 = CARTESIAN_POINT('',(25.550252531694,25.,-20.25));
#1597 = VECTOR('',#1598,1.);
#1598 = DIRECTION('',(1.,0.,-2.2E-16));
#1599 = ORIENTED_EDGE('',*,*,#1600,.T.);
#1600 = EDGE_CURVE('',#1593,#1601,#1603,.T.);
#1601 = VERTEX_POINT('',#1602);
#1602 = CARTESIAN_POINT('',(27.84834957055,25.,-21.20190296114));
#1603 = CIRCLE('',#1604,3.25);
#1604 = AXIS2_PLACEMENT_3D('',#1605,#1606,#1607);
#1605 = CARTESIAN_POINT('',(25.550252531694,25.,-23.5));
#1606 = DIRECTION('',(0.,1.,0.));
#1607 = DIRECTION('',(0.,-0.,1.));
#1608 = ORIENTED_EDGE('',*,*,#1609,.T.);
#1609 = EDGE_CURVE('',#1601,#1610,#1612,.T.);
#1610 = VERTEX_POINT('',#1611);
#1611 = CARTESIAN_POINT('',(30.798097038856,25.,-24.15165042945));
#1612 = LINE('',#1613,#1614);
#1613 = CARTESIAN_POINT('',(3.323223304703,25.,3.323223304703));
#1614 = VECTOR('',#1615,1.);
#1615 = DIRECTION('',(0.707106781187,0.,-0.707106781187));
#1616 = ORIENTED_EDGE('',*,*,#1617,.T.);
#1617 = EDGE_CURVE('',#1610,#1618,#1620,.T.);
#1618 = VERTEX_POINT('',#1619);
#1619 = CARTESIAN_POINT('',(31.75,25.,-26.4497474683));
#1620 = CIRCLE('',#1621,3.25);
#1621 = AXIS2_PLACEMENT_3D('',#1622,#1623,#1624);
#1622 = CARTESIAN_POINT('',(28.5,25.,-26.4497474683));
#1623 = DIRECTION('',(0.,1.,0.));
#1624 = DIRECTION('',(0.,-0.,1.));
#1625 = ORIENTED_EDGE('',*,*,#1626,.T.);
#1626 = EDGE_CURVE('',#1618,#1627,#1629,.T.);
#1627 = VERTEX_POINT('',#1628);
#1628 = CARTESIAN_POINT('',(31.75,25.,-54.5));
#1629 = LINE('',#1630,#1631);
#1630 = CARTESIAN_POINT('',(31.75,25.,-54.5));
#1631 = VECTOR('',#1632,1.);
#1632 = DIRECTION('',(0.,0.,-1.));
#1633 = ORIENTED_EDGE('',*,*,#1634,.T.);
#1634 = EDGE_CURVE('',#1627,#1635,#1637,.T.);
#1635 = VERTEX_POINT('',#1636);
#1636 = CARTESIAN_POINT('',(31.5,25.,-54.75));
#1637 = CIRCLE('',#1638,0.25);
#1638 = AXIS2_PLACEMENT_3D('',#1639,#1640,#1641);
#1639 = CARTESIAN_POINT('',(31.5,25.,-54.5));
#1640 = DIRECTION('',(0.,1.,0.));
#1641 = DIRECTION('',(0.,-0.,1.));
#1642 = ORIENTED_EDGE('',*,*,#1643,.T.);
#1643 = EDGE_CURVE('',#1635,#1644,#1646,.T.);
#1644 = VERTEX_POINT('',#1645);
#1645 = CARTESIAN_POINT('',(22.5,25.,-54.75));
#1646 = LINE('',#1647,#1648);
#1647 = CARTESIAN_POINT('',(22.5,25.,-54.75));
#1648 = VECTOR('',#1649,1.);
#1649 = DIRECTION('',(-1.,0.,0.));
#1650 = ORIENTED_EDGE('',*,*,#1651,.T.);
#1651 = EDGE_CURVE('',#1644,#1652,#1654,.T.);
#1652 = VERTEX_POINT('',#1653);
#1653 = CARTESIAN_POINT('',(22.25,25.,-54.5));
#1654 = CIRCLE('',#1655,0.25);
#1655 = AXIS2_PLACEMENT_3D('',#1656,#1657,#1658);
#1656 = CARTESIAN_POINT('',(22.5,25.,-54.5));
#1657 = DIRECTION('',(0.,1.,0.));
#1658 = DIRECTION('',(0.,-0.,1.));
#1659 = ORIENTED_EDGE('',*,*,#1660,.T.);
#1660 = EDGE_CURVE('',#1652,#1661,#1663,.T.);
#1661 = VERTEX_POINT('',#1662);
#1662 = CARTESIAN_POINT('',(22.25,25.,-33.5));
#1663 = LINE('',#1664,#1665);
#1664 = CARTESIAN_POINT('',(22.25,25.,-33.5));
#1665 = VECTOR('',#1666,1.);
#1666 = DIRECTION('',(8.E-17,0.,1.));
#1667 = ORIENTED_EDGE('',*,*,#1668,.T.);
#1668 = EDGE_CURVE('',#1661,#1669,#1671,.T.);
#1669 = VERTEX_POINT('',#1670);
#1670 = CARTESIAN_POINT('',(18.5,25.,-29.75));
#1671 = CIRCLE('',#1672,3.75);
#1672 = AXIS2_PLACEMENT_3D('',#1673,#1674,#1675);
#1673 = CARTESIAN_POINT('',(18.5,25.,-33.5));
#1674 = DIRECTION('',(0.,-1.,0.));
#1675 = DIRECTION('',(0.,0.,1.));
#1676 = ORIENTED_EDGE('',*,*,#1677,.T.);
#1677 = EDGE_CURVE('',#1669,#1678,#1680,.T.);
#1678 = VERTEX_POINT('',#1679);
#1679 = CARTESIAN_POINT('',(-26.5,25.,-29.75));
#1680 = LINE('',#1681,#1682);
#1681 = CARTESIAN_POINT('',(-26.5,25.,-29.75));
#1682 = VECTOR('',#1683,1.);
#1683 = DIRECTION('',(-1.,0.,0.));
#1684 = ORIENTED_EDGE('',*,*,#1685,.T.);
#1685 = EDGE_CURVE('',#1678,#1686,#1688,.T.);
#1686 = VERTEX_POINT('',#1687);
#1687 = CARTESIAN_POINT('',(-29.75,25.,-26.5));
#1688 = CIRCLE('',#1689,3.25);
#1689 = AXIS2_PLACEMENT_3D('',#1690,#1691,#1692);
#1690 = CARTESIAN_POINT('',(-26.5,25.,-26.5));
#1691 = DIRECTION('',(0.,1.,0.));
#1692 = DIRECTION('',(0.,-0.,1.));
#1693 = ORIENTED_EDGE('',*,*,#1694,.T.);
#1694 = EDGE_CURVE('',#1686,#1695,#1697,.T.);
#1695 = VERTEX_POINT('',#1696);
#1696 = CARTESIAN_POINT('',(-29.75,25.,26.5));
#1697 = LINE('',#1698,#1699);
#1698 = CARTESIAN_POINT('',(-29.75,25.,26.5));
#1699 = VECTOR('',#1700,1.);
#1700 = DIRECTION('',(0.,0.,1.));
#1701 = ORIENTED_EDGE('',*,*,#1702,.T.);
#1702 = EDGE_CURVE('',#1695,#1471,#1703,.T.);
#1703 = CIRCLE('',#1704,3.25);
#1704 = AXIS2_PLACEMENT_3D('',#1705,#1706,#1707);
#1705 = CARTESIAN_POINT('',(-26.5,25.,26.5));
#1706 = DIRECTION('',(0.,1.,0.));
#1707 = DIRECTION('',(0.,-0.,1.));
#1708 = PLANE('',#1709);
#1709 = AXIS2_PLACEMENT_3D('',#1710,#1711,#1712);
#1710 = CARTESIAN_POINT('',(0.,25.,0.));
#1711 = DIRECTION('',(0.,1.,0.));
#1712 = DIRECTION('',(0.,-0.,1.));
#1713 = ADVANCED_FACE('',(#1714,#1955,#1965,#1975,#1985),#1995,.F.);
#1714 = FACE_BOUND('',#1715,.T.);
#1715 = EDGE_LOOP('',(#1716,#1726,#1735,#1743,#1752,#1760,#1769,#1777,
    #1786,#1794,#1803,#1811,#1820,#1828,#1837,#1845,#1854,#1862,#1871,
    #1879,#1888,#1896,#1903,#1904,#1905,#1914,#1923,#1931,#1940,#1948));
#1716 = ORIENTED_EDGE('',*,*,#1717,.T.);
#1717 = EDGE_CURVE('',#1718,#1720,#1722,.T.);
#1718 = VERTEX_POINT('',#1719);
#1719 = CARTESIAN_POINT('',(31.75,0.,26.449747468306));
#1720 = VERTEX_POINT('',#1721);
#1721 = CARTESIAN_POINT('',(31.75,0.,54.5));
#1722 = LINE('',#1723,#1724);
#1723 = CARTESIAN_POINT('',(31.75,0.,0.));
#1724 = VECTOR('',#1725,1.);
#1725 = DIRECTION('',(0.,0.,1.));
#1726 = ORIENTED_EDGE('',*,*,#1727,.T.);
#1727 = EDGE_CURVE('',#1720,#1728,#1730,.T.);
#1728 = VERTEX_POINT('',#1729);
#1729 = CARTESIAN_POINT('',(31.5,0.,54.75));
#1730 = CIRCLE('',#1731,0.25);
#1731 = AXIS2_PLACEMENT_3D('',#1732,#1733,#1734);
#1732 = CARTESIAN_POINT('',(31.5,0.,54.5));
#1733 = DIRECTION('',(0.,-1.,0.));
#1734 = DIRECTION('',(0.,0.,1.));
#1735 = ORIENTED_EDGE('',*,*,#1736,.T.);
#1736 = EDGE_CURVE('',#1728,#1737,#1739,.T.);
#1737 = VERTEX_POINT('',#1738);
#1738 = CARTESIAN_POINT('',(22.5,0.,54.75));
#1739 = LINE('',#1740,#1741);
#1740 = CARTESIAN_POINT('',(0.,0.,54.75));
#1741 = VECTOR('',#1742,1.);
#1742 = DIRECTION('',(-1.,0.,0.));
#1743 = ORIENTED_EDGE('',*,*,#1744,.T.);
#1744 = EDGE_CURVE('',#1737,#1745,#1747,.T.);
#1745 = VERTEX_POINT('',#1746);
#1746 = CARTESIAN_POINT('',(22.25,0.,54.5));
#1747 = CIRCLE('',#1748,0.25);
#1748 = AXIS2_PLACEMENT_3D('',#1749,#1750,#1751);
#1749 = CARTESIAN_POINT('',(22.5,0.,54.5));
#1750 = DIRECTION('',(0.,-1.,0.));
#1751 = DIRECTION('',(0.,0.,1.));
#1752 = ORIENTED_EDGE('',*,*,#1753,.T.);
#1753 = EDGE_CURVE('',#1745,#1754,#1756,.T.);
#1754 = VERTEX_POINT('',#1755);
#1755 = CARTESIAN_POINT('',(22.25,0.,33.5));
#1756 = LINE('',#1757,#1758);
#1757 = CARTESIAN_POINT('',(22.25,0.,1.8E-15));
#1758 = VECTOR('',#1759,1.);
#1759 = DIRECTION('',(8.E-17,0.,-1.));
#1760 = ORIENTED_EDGE('',*,*,#1761,.T.);
#1761 = EDGE_CURVE('',#1754,#1762,#1764,.T.);
#1762 = VERTEX_POINT('',#1763);
#1763 = CARTESIAN_POINT('',(18.5,0.,29.75));
#1764 = CIRCLE('',#1765,3.75);
#1765 = AXIS2_PLACEMENT_3D('',#1766,#1767,#1768);
#1766 = CARTESIAN_POINT('',(18.5,0.,33.5));
#1767 = DIRECTION('',(0.,1.,0.));
#1768 = DIRECTION('',(0.,-0.,1.));
#1769 = ORIENTED_EDGE('',*,*,#1770,.T.);
#1770 = EDGE_CURVE('',#1762,#1771,#1773,.T.);
#1771 = VERTEX_POINT('',#1772);
#1772 = CARTESIAN_POINT('',(-26.5,0.,29.75));
#1773 = LINE('',#1774,#1775);
#1774 = CARTESIAN_POINT('',(0.,0.,29.75));
#1775 = VECTOR('',#1776,1.);
#1776 = DIRECTION('',(-1.,0.,0.));
#1777 = ORIENTED_EDGE('',*,*,#1778,.T.);
#1778 = EDGE_CURVE('',#1771,#1779,#1781,.T.);
#1779 = VERTEX_POINT('',#1780);
#1780 = CARTESIAN_POINT('',(-29.75,0.,26.5));
#1781 = CIRCLE('',#1782,3.25);
#1782 = AXIS2_PLACEMENT_3D('',#1783,#1784,#1785);
#1783 = CARTESIAN_POINT('',(-26.5,0.,26.5));
#1784 = DIRECTION('',(0.,-1.,0.));
#1785 = DIRECTION('',(0.,0.,1.));
#1786 = ORIENTED_EDGE('',*,*,#1787,.T.);
#1787 = EDGE_CURVE('',#1779,#1788,#1790,.T.);
#1788 = VERTEX_POINT('',#1789);
#1789 = CARTESIAN_POINT('',(-29.75,0.,-26.5));
#1790 = LINE('',#1791,#1792);
#1791 = CARTESIAN_POINT('',(-29.75,0.,0.));
#1792 = VECTOR('',#1793,1.);
#1793 = DIRECTION('',(0.,0.,-1.));
#1794 = ORIENTED_EDGE('',*,*,#1795,.T.);
#1795 = EDGE_CURVE('',#1788,#1796,#1798,.T.);
#1796 = VERTEX_POINT('',#1797);
#1797 = CARTESIAN_POINT('',(-26.5,0.,-29.75));
#1798 = CIRCLE('',#1799,3.25);
#1799 = AXIS2_PLACEMENT_3D('',#1800,#1801,#1802);
#1800 = CARTESIAN_POINT('',(-26.5,0.,-26.5));
#1801 = DIRECTION('',(0.,-1.,0.));
#1802 = DIRECTION('',(0.,0.,1.));
#1803 = ORIENTED_EDGE('',*,*,#1804,.T.);
#1804 = EDGE_CURVE('',#1796,#1805,#1807,.T.);
#1805 = VERTEX_POINT('',#1806);
#1806 = CARTESIAN_POINT('',(18.5,0.,-29.75));
#1807 = LINE('',#1808,#1809);
#1808 = CARTESIAN_POINT('',(0.,0.,-29.75));
#1809 = VECTOR('',#1810,1.);
#1810 = DIRECTION('',(1.,0.,0.));
#1811 = ORIENTED_EDGE('',*,*,#1812,.T.);
#1812 = EDGE_CURVE('',#1805,#1813,#1815,.T.);
#1813 = VERTEX_POINT('',#1814);
#1814 = CARTESIAN_POINT('',(22.25,0.,-33.5));
#1815 = CIRCLE('',#1816,3.75);
#1816 = AXIS2_PLACEMENT_3D('',#1817,#1818,#1819);
#1817 = CARTESIAN_POINT('',(18.5,0.,-33.5));
#1818 = DIRECTION('',(0.,1.,0.));
#1819 = DIRECTION('',(0.,-0.,1.));
#1820 = ORIENTED_EDGE('',*,*,#1821,.T.);
#1821 = EDGE_CURVE('',#1813,#1822,#1824,.T.);
#1822 = VERTEX_POINT('',#1823);
#1823 = CARTESIAN_POINT('',(22.25,0.,-54.5));
#1824 = LINE('',#1825,#1826);
#1825 = CARTESIAN_POINT('',(22.25,0.,-1.8E-15));
#1826 = VECTOR('',#1827,1.);
#1827 = DIRECTION('',(-8.E-17,0.,-1.));
#1828 = ORIENTED_EDGE('',*,*,#1829,.T.);
#1829 = EDGE_CURVE('',#1822,#1830,#1832,.T.);
#1830 = VERTEX_POINT('',#1831);
#1831 = CARTESIAN_POINT('',(22.5,0.,-54.75));
#1832 = CIRCLE('',#1833,0.25);
#1833 = AXIS2_PLACEMENT_3D('',#1834,#1835,#1836);
#1834 = CARTESIAN_POINT('',(22.5,0.,-54.5));
#1835 = DIRECTION('',(0.,-1.,0.));
#1836 = DIRECTION('',(0.,0.,1.));
#1837 = ORIENTED_EDGE('',*,*,#1838,.T.);
#1838 = EDGE_CURVE('',#1830,#1839,#1841,.T.);
#1839 = VERTEX_POINT('',#1840);
#1840 = CARTESIAN_POINT('',(31.5,0.,-54.75));
#1841 = LINE('',#1842,#1843);
#1842 = CARTESIAN_POINT('',(0.,0.,-54.75));
#1843 = VECTOR('',#1844,1.);
#1844 = DIRECTION('',(1.,0.,0.));
#1845 = ORIENTED_EDGE('',*,*,#1846,.T.);
#1846 = EDGE_CURVE('',#1839,#1847,#1849,.T.);
#1847 = VERTEX_POINT('',#1848);
#1848 = CARTESIAN_POINT('',(31.75,0.,-54.5));
#1849 = CIRCLE('',#1850,0.25);
#1850 = AXIS2_PLACEMENT_3D('',#1851,#1852,#1853);
#1851 = CARTESIAN_POINT('',(31.5,0.,-54.5));
#1852 = DIRECTION('',(0.,-1.,0.));
#1853 = DIRECTION('',(0.,0.,1.));
#1854 = ORIENTED_EDGE('',*,*,#1855,.T.);
#1855 = EDGE_CURVE('',#1847,#1856,#1858,.T.);
#1856 = VERTEX_POINT('',#1857);
#1857 = CARTESIAN_POINT('',(31.75,0.,-26.4497474683));
#1858 = LINE('',#1859,#1860);
#1859 = CARTESIAN_POINT('',(31.75,0.,0.));
#1860 = VECTOR('',#1861,1.);
#1861 = DIRECTION('',(0.,0.,1.));
#1862 = ORIENTED_EDGE('',*,*,#1863,.T.);
#1863 = EDGE_CURVE('',#1856,#1864,#1866,.T.);
#1864 = VERTEX_POINT('',#1865);
#1865 = CARTESIAN_POINT('',(30.798097038856,0.,-24.15165042945));
#1866 = CIRCLE('',#1867,3.25);
#1867 = AXIS2_PLACEMENT_3D('',#1868,#1869,#1870);
#1868 = CARTESIAN_POINT('',(28.5,0.,-26.4497474683));
#1869 = DIRECTION('',(-0.,-1.,0.));
#1870 = DIRECTION('',(1.07E-15,-0.,1.));
#1871 = ORIENTED_EDGE('',*,*,#1872,.T.);
#1872 = EDGE_CURVE('',#1864,#1873,#1875,.T.);
#1873 = VERTEX_POINT('',#1874);
#1874 = CARTESIAN_POINT('',(27.84834957055,0.,-21.20190296114));
#1875 = LINE('',#1876,#1877);
#1876 = CARTESIAN_POINT('',(27.84834957055,0.,-21.20190296114));
#1877 = VECTOR('',#1878,1.);
#1878 = DIRECTION('',(-0.707106781187,0.,0.707106781187));
#1879 = ORIENTED_EDGE('',*,*,#1880,.T.);
#1880 = EDGE_CURVE('',#1873,#1881,#1883,.T.);
#1881 = VERTEX_POINT('',#1882);
#1882 = CARTESIAN_POINT('',(25.550252531694,0.,-20.25));
#1883 = CIRCLE('',#1884,3.25);
#1884 = AXIS2_PLACEMENT_3D('',#1885,#1886,#1887);
#1885 = CARTESIAN_POINT('',(25.550252531694,0.,-23.5));
#1886 = DIRECTION('',(-0.,-1.,0.));
#1887 = DIRECTION('',(-1.07E-15,0.,1.));
#1888 = ORIENTED_EDGE('',*,*,#1889,.T.);
#1889 = EDGE_CURVE('',#1881,#1890,#1892,.T.);
#1890 = VERTEX_POINT('',#1891);
#1891 = CARTESIAN_POINT('',(16.344437127047,0.,-20.25));
#1892 = LINE('',#1893,#1894);
#1893 = CARTESIAN_POINT('',(-4.39E-15,0.,-20.25));
#1894 = VECTOR('',#1895,1.);
#1895 = DIRECTION('',(-1.,0.,2.2E-16));
#1896 = ORIENTED_EDGE('',*,*,#1897,.T.);
#1897 = EDGE_CURVE('',#1890,#567,#1898,.T.);
#1898 = CIRCLE('',#1899,3.25);
#1899 = AXIS2_PLACEMENT_3D('',#1900,#1901,#1902);
#1900 = CARTESIAN_POINT('',(16.344437127047,0.,-23.5));
#1901 = DIRECTION('',(0.,-1.,0.));
#1902 = DIRECTION('',(0.,0.,1.));
#1903 = ORIENTED_EDGE('',*,*,#576,.T.);
#1904 = ORIENTED_EDGE('',*,*,#534,.T.);
#1905 = ORIENTED_EDGE('',*,*,#1906,.T.);
#1906 = EDGE_CURVE('',#535,#1907,#1909,.T.);
#1907 = VERTEX_POINT('',#1908);
#1908 = CARTESIAN_POINT('',(14.48873684188,0.,20.831877729258));
#1909 = CIRCLE('',#1910,25.375);
#1910 = AXIS2_PLACEMENT_3D('',#1911,#1912,#1913);
#1911 = CARTESIAN_POINT('',(8.2E-15,0.,-1.64E-15));
#1912 = DIRECTION('',(0.,1.,0.));
#1913 = DIRECTION('',(0.,-0.,1.));
#1914 = ORIENTED_EDGE('',*,*,#1915,.T.);
#1915 = EDGE_CURVE('',#1907,#1916,#1918,.T.);
#1916 = VERTEX_POINT('',#1917);
#1917 = CARTESIAN_POINT('',(16.344437127047,0.,20.25));
#1918 = CIRCLE('',#1919,3.25);
#1919 = AXIS2_PLACEMENT_3D('',#1920,#1921,#1922);
#1920 = CARTESIAN_POINT('',(16.344437127047,0.,23.5));
#1921 = DIRECTION('',(0.,-1.,0.));
#1922 = DIRECTION('',(0.,0.,1.));
#1923 = ORIENTED_EDGE('',*,*,#1924,.T.);
#1924 = EDGE_CURVE('',#1916,#1925,#1927,.T.);
#1925 = VERTEX_POINT('',#1926);
#1926 = CARTESIAN_POINT('',(25.550252531694,0.,20.25));
#1927 = LINE('',#1928,#1929);
#1928 = CARTESIAN_POINT('',(-4.39E-15,0.,20.25));
#1929 = VECTOR('',#1930,1.);
#1930 = DIRECTION('',(1.,0.,2.2E-16));
#1931 = ORIENTED_EDGE('',*,*,#1932,.T.);
#1932 = EDGE_CURVE('',#1925,#1933,#1935,.T.);
#1933 = VERTEX_POINT('',#1934);
#1934 = CARTESIAN_POINT('',(27.84834957055,0.,21.201902961144));
#1935 = CIRCLE('',#1936,3.25);
#1936 = AXIS2_PLACEMENT_3D('',#1937,#1938,#1939);
#1937 = CARTESIAN_POINT('',(25.550252531694,0.,23.5));
#1938 = DIRECTION('',(-0.,-1.,0.));
#1939 = DIRECTION('',(2.14E-15,-0.,1.));
#1940 = ORIENTED_EDGE('',*,*,#1941,.T.);
#1941 = EDGE_CURVE('',#1933,#1942,#1944,.T.);
#1942 = VERTEX_POINT('',#1943);
#1943 = CARTESIAN_POINT('',(30.798097038856,0.,24.15165042945));
#1944 = LINE('',#1945,#1946);
#1945 = CARTESIAN_POINT('',(30.798097038856,0.,24.15165042945));
#1946 = VECTOR('',#1947,1.);
#1947 = DIRECTION('',(0.707106781187,0.,0.707106781187));
#1948 = ORIENTED_EDGE('',*,*,#1949,.T.);
#1949 = EDGE_CURVE('',#1942,#1718,#1950,.T.);
#1950 = CIRCLE('',#1951,3.25);
#1951 = AXIS2_PLACEMENT_3D('',#1952,#1953,#1954);
#1952 = CARTESIAN_POINT('',(28.5,0.,26.449747468306));
#1953 = DIRECTION('',(0.,-1.,0.));
#1954 = DIRECTION('',(0.,0.,1.));
#1955 = FACE_BOUND('',#1956,.T.);
#1956 = EDGE_LOOP('',(#1957,#1958));
#1957 = ORIENTED_EDGE('',*,*,#492,.T.);
#1958 = ORIENTED_EDGE('',*,*,#1959,.T.);
#1959 = EDGE_CURVE('',#493,#485,#1960,.T.);
#1960 = CIRCLE('',#1961,2.35);
#1961 = AXIS2_PLACEMENT_3D('',#1962,#1963,#1964);
#1962 = CARTESIAN_POINT('',(24.748737341529,0.,-24.74873734152));
#1963 = DIRECTION('',(0.,1.,0.));
#1964 = DIRECTION('',(0.,-0.,1.));
#1965 = FACE_BOUND('',#1966,.T.);
#1966 = EDGE_LOOP('',(#1967,#1968));
#1967 = ORIENTED_EDGE('',*,*,#450,.T.);
#1968 = ORIENTED_EDGE('',*,*,#1969,.T.);
#1969 = EDGE_CURVE('',#451,#443,#1970,.T.);
#1970 = CIRCLE('',#1971,2.35);
#1971 = AXIS2_PLACEMENT_3D('',#1972,#1973,#1974);
#1972 = CARTESIAN_POINT('',(-24.74873734152,0.,-24.74873734152));
#1973 = DIRECTION('',(0.,1.,0.));
#1974 = DIRECTION('',(0.,-0.,1.));
#1975 = FACE_BOUND('',#1976,.T.);
#1976 = EDGE_LOOP('',(#1977,#1978));
#1977 = ORIENTED_EDGE('',*,*,#408,.T.);
#1978 = ORIENTED_EDGE('',*,*,#1979,.T.);
#1979 = EDGE_CURVE('',#409,#401,#1980,.T.);
#1980 = CIRCLE('',#1981,2.35);
#1981 = AXIS2_PLACEMENT_3D('',#1982,#1983,#1984);
#1982 = CARTESIAN_POINT('',(-24.74873734152,0.,24.748737341529));
#1983 = DIRECTION('',(0.,1.,0.));
#1984 = DIRECTION('',(0.,-0.,1.));
#1985 = FACE_BOUND('',#1986,.T.);
#1986 = EDGE_LOOP('',(#1987,#1988));
#1987 = ORIENTED_EDGE('',*,*,#366,.T.);
#1988 = ORIENTED_EDGE('',*,*,#1989,.T.);
#1989 = EDGE_CURVE('',#367,#359,#1990,.T.);
#1990 = CIRCLE('',#1991,2.35);
#1991 = AXIS2_PLACEMENT_3D('',#1992,#1993,#1994);
#1992 = CARTESIAN_POINT('',(24.748737341529,0.,24.748737341529));
#1993 = DIRECTION('',(0.,1.,0.));
#1994 = DIRECTION('',(0.,-0.,1.));
#1995 = PLANE('',#1996);
#1996 = AXIS2_PLACEMENT_3D('',#1997,#1998,#1999);
#1997 = CARTESIAN_POINT('',(0.,0.,0.));
#1998 = DIRECTION('',(0.,1.,0.));
#1999 = DIRECTION('',(0.,-0.,1.));
#2000 = ADVANCED_FACE('',(#2001),#2035,.F.);
#2001 = FACE_BOUND('',#2002,.T.);
#2002 = EDGE_LOOP('',(#2003,#2013,#2021,#2029));
#2003 = ORIENTED_EDGE('',*,*,#2004,.T.);
#2004 = EDGE_CURVE('',#2005,#2007,#2009,.T.);
#2005 = VERTEX_POINT('',#2006);
#2006 = CARTESIAN_POINT('',(-30.,24.75,-26.5));
#2007 = VERTEX_POINT('',#2008);
#2008 = CARTESIAN_POINT('',(-30.,0.25,-26.5));
#2009 = LINE('',#2010,#2011);
#2010 = CARTESIAN_POINT('',(-30.,25.,-26.5));
#2011 = VECTOR('',#2012,1.);
#2012 = DIRECTION('',(0.,-1.,0.));
#2013 = ORIENTED_EDGE('',*,*,#2014,.T.);
#2014 = EDGE_CURVE('',#2007,#2015,#2017,.T.);
#2015 = VERTEX_POINT('',#2016);
#2016 = CARTESIAN_POINT('',(-30.,0.25,26.5));
#2017 = LINE('',#2018,#2019);
#2018 = CARTESIAN_POINT('',(-30.,0.25,-30.));
#2019 = VECTOR('',#2020,1.);
#2020 = DIRECTION('',(0.,0.,1.));
#2021 = ORIENTED_EDGE('',*,*,#2022,.T.);
#2022 = EDGE_CURVE('',#2015,#2023,#2025,.T.);
#2023 = VERTEX_POINT('',#2024);
#2024 = CARTESIAN_POINT('',(-30.,24.75,26.5));
#2025 = LINE('',#2026,#2027);
#2026 = CARTESIAN_POINT('',(-30.,25.,26.5));
#2027 = VECTOR('',#2028,1.);
#2028 = DIRECTION('',(-0.,1.,-0.));
#2029 = ORIENTED_EDGE('',*,*,#2030,.T.);
#2030 = EDGE_CURVE('',#2023,#2005,#2031,.T.);
#2031 = LINE('',#2032,#2033);
#2032 = CARTESIAN_POINT('',(-30.,24.75,-26.5));
#2033 = VECTOR('',#2034,1.);
#2034 = DIRECTION('',(0.,0.,-1.));
#2035 = PLANE('',#2036);
#2036 = AXIS2_PLACEMENT_3D('',#2037,#2038,#2039);
#2037 = CARTESIAN_POINT('',(-30.,25.,-30.));
#2038 = DIRECTION('',(1.,0.,0.));
#2039 = DIRECTION('',(0.,0.,-1.));
#2040 = ADVANCED_FACE('',(#2041),#2060,.F.);
#2041 = FACE_BOUND('',#2042,.F.);
#2042 = EDGE_LOOP('',(#2043,#2052,#2058,#2059));
#2043 = ORIENTED_EDGE('',*,*,#2044,.F.);
#2044 = EDGE_CURVE('',#2045,#544,#2047,.T.);
#2045 = VERTEX_POINT('',#2046);
#2046 = CARTESIAN_POINT('',(14.345990666098,0.25,20.626637554585));
#2047 = CIRCLE('',#2048,25.125);
#2048 = AXIS2_PLACEMENT_3D('',#2049,#2050,#2051);
#2049 = CARTESIAN_POINT('',(8.2E-15,0.25,-1.64E-15));
#2050 = DIRECTION('',(-0.,-1.,0.));
#2051 = DIRECTION('',(3.55E-15,-0.,1.));
#2052 = ORIENTED_EDGE('',*,*,#2053,.F.);
#2053 = EDGE_CURVE('',#324,#2045,#2054,.T.);
#2054 = LINE('',#2055,#2056);
#2055 = CARTESIAN_POINT('',(14.345990666098,25.,20.626637554585));
#2056 = VECTOR('',#2057,1.);
#2057 = DIRECTION('',(-0.,-1.,-0.));
#2058 = ORIENTED_EDGE('',*,*,#341,.F.);
#2059 = ORIENTED_EDGE('',*,*,#1250,.T.);
#2060 = CYLINDRICAL_SURFACE('',#2061,25.125);
#2061 = AXIS2_PLACEMENT_3D('',#2062,#2063,#2064);
#2062 = CARTESIAN_POINT('',(8.2E-15,25.,-1.64E-15));
#2063 = DIRECTION('',(-0.,-1.,-0.));
#2064 = DIRECTION('',(0.,0.,-1.));
#2065 = ADVANCED_FACE('',(#2066,#2076,#2086),#2120,.F.);
#2066 = FACE_BOUND('',#2067,.T.);
#2067 = EDGE_LOOP('',(#2068,#2069));
#2068 = ORIENTED_EDGE('',*,*,#903,.T.);
#2069 = ORIENTED_EDGE('',*,*,#2070,.T.);
#2070 = EDGE_CURVE('',#904,#896,#2071,.T.);
#2071 = CIRCLE('',#2072,3.);
#2072 = AXIS2_PLACEMENT_3D('',#2073,#2074,#2075);
#2073 = CARTESIAN_POINT('',(22.,6.5,-51.));
#2074 = DIRECTION('',(1.,0.,-8.E-17));
#2075 = DIRECTION('',(-8.E-17,-0.,-1.));
#2076 = FACE_BOUND('',#2077,.T.);
#2077 = EDGE_LOOP('',(#2078,#2079));
#2078 = ORIENTED_EDGE('',*,*,#819,.T.);
#2079 = ORIENTED_EDGE('',*,*,#2080,.T.);
#2080 = EDGE_CURVE('',#820,#812,#2081,.T.);
#2081 = CIRCLE('',#2082,3.);
#2082 = AXIS2_PLACEMENT_3D('',#2083,#2084,#2085);
#2083 = CARTESIAN_POINT('',(22.,18.5,-51.));
#2084 = DIRECTION('',(1.,0.,-8.E-17));
#2085 = DIRECTION('',(-8.E-17,-0.,-1.));
#2086 = FACE_BOUND('',#2087,.T.);
#2087 = EDGE_LOOP('',(#2088,#2098,#2106,#2114));
#2088 = ORIENTED_EDGE('',*,*,#2089,.T.);
#2089 = EDGE_CURVE('',#2090,#2092,#2094,.T.);
#2090 = VERTEX_POINT('',#2091);
#2091 = CARTESIAN_POINT('',(22.,24.75,-54.5));
#2092 = VERTEX_POINT('',#2093);
#2093 = CARTESIAN_POINT('',(22.,0.25,-54.5));
#2094 = LINE('',#2095,#2096);
#2095 = CARTESIAN_POINT('',(22.,25.,-54.5));
#2096 = VECTOR('',#2097,1.);
#2097 = DIRECTION('',(0.,-1.,0.));
#2098 = ORIENTED_EDGE('',*,*,#2099,.T.);
#2099 = EDGE_CURVE('',#2092,#2100,#2102,.T.);
#2100 = VERTEX_POINT('',#2101);
#2101 = CARTESIAN_POINT('',(22.,0.25,-33.5));
#2102 = LINE('',#2103,#2104);
#2103 = CARTESIAN_POINT('',(22.,0.25,-55.));
#2104 = VECTOR('',#2105,1.);
#2105 = DIRECTION('',(8.E-17,0.,1.));
#2106 = ORIENTED_EDGE('',*,*,#2107,.T.);
#2107 = EDGE_CURVE('',#2100,#2108,#2110,.T.);
#2108 = VERTEX_POINT('',#2109);
#2109 = CARTESIAN_POINT('',(22.,24.75,-33.5));
#2110 = LINE('',#2111,#2112);
#2111 = CARTESIAN_POINT('',(22.,25.,-33.5));
#2112 = VECTOR('',#2113,1.);
#2113 = DIRECTION('',(-0.,1.,0.));
#2114 = ORIENTED_EDGE('',*,*,#2115,.T.);
#2115 = EDGE_CURVE('',#2108,#2090,#2116,.T.);
#2116 = LINE('',#2117,#2118);
#2117 = CARTESIAN_POINT('',(22.,24.75,-54.5));
#2118 = VECTOR('',#2119,1.);
#2119 = DIRECTION('',(-8.E-17,0.,-1.));
#2120 = PLANE('',#2121);
#2121 = AXIS2_PLACEMENT_3D('',#2122,#2123,#2124);
#2122 = CARTESIAN_POINT('',(22.,25.,-55.));
#2123 = DIRECTION('',(1.,0.,-8.E-17));
#2124 = DIRECTION('',(-8.E-17,0.,-1.));
#2125 = ADVANCED_FACE('',(#2126),#2160,.F.);
#2126 = FACE_BOUND('',#2127,.T.);
#2127 = EDGE_LOOP('',(#2128,#2138,#2146,#2154));
#2128 = ORIENTED_EDGE('',*,*,#2129,.T.);
#2129 = EDGE_CURVE('',#2130,#2132,#2134,.T.);
#2130 = VERTEX_POINT('',#2131);
#2131 = CARTESIAN_POINT('',(31.5,24.75,-55.));
#2132 = VERTEX_POINT('',#2133);
#2133 = CARTESIAN_POINT('',(31.5,0.25,-55.));
#2134 = LINE('',#2135,#2136);
#2135 = CARTESIAN_POINT('',(31.5,25.,-55.));
#2136 = VECTOR('',#2137,1.);
#2137 = DIRECTION('',(0.,-1.,0.));
#2138 = ORIENTED_EDGE('',*,*,#2139,.T.);
#2139 = EDGE_CURVE('',#2132,#2140,#2142,.T.);
#2140 = VERTEX_POINT('',#2141);
#2141 = CARTESIAN_POINT('',(22.5,0.25,-55.));
#2142 = LINE('',#2143,#2144);
#2143 = CARTESIAN_POINT('',(22.,0.25,-55.));
#2144 = VECTOR('',#2145,1.);
#2145 = DIRECTION('',(-1.,0.,0.));
#2146 = ORIENTED_EDGE('',*,*,#2147,.T.);
#2147 = EDGE_CURVE('',#2140,#2148,#2150,.T.);
#2148 = VERTEX_POINT('',#2149);
#2149 = CARTESIAN_POINT('',(22.5,24.75,-55.));
#2150 = LINE('',#2151,#2152);
#2151 = CARTESIAN_POINT('',(22.5,25.,-55.));
#2152 = VECTOR('',#2153,1.);
#2153 = DIRECTION('',(-0.,1.,-0.));
#2154 = ORIENTED_EDGE('',*,*,#2155,.T.);
#2155 = EDGE_CURVE('',#2148,#2130,#2156,.T.);
#2156 = LINE('',#2157,#2158);
#2157 = CARTESIAN_POINT('',(31.5,24.75,-55.));
#2158 = VECTOR('',#2159,1.);
#2159 = DIRECTION('',(1.,0.,0.));
#2160 = PLANE('',#2161);
#2161 = AXIS2_PLACEMENT_3D('',#2162,#2163,#2164);
#2162 = CARTESIAN_POINT('',(22.,25.,-55.));
#2163 = DIRECTION('',(0.,0.,1.));
#2164 = DIRECTION('',(1.,0.,-0.));
#2165 = ADVANCED_FACE('',(#2166,#2176,#2186),#2220,.F.);
#2166 = FACE_BOUND('',#2167,.T.);
#2167 = EDGE_LOOP('',(#2168,#2169));
#2168 = ORIENTED_EDGE('',*,*,#735,.T.);
#2169 = ORIENTED_EDGE('',*,*,#2170,.T.);
#2170 = EDGE_CURVE('',#736,#728,#2171,.T.);
#2171 = CIRCLE('',#2172,3.);
#2172 = AXIS2_PLACEMENT_3D('',#2173,#2174,#2175);
#2173 = CARTESIAN_POINT('',(22.,6.5,51.));
#2174 = DIRECTION('',(1.,-0.,8.E-17));
#2175 = DIRECTION('',(8.E-17,0.,-1.));
#2176 = FACE_BOUND('',#2177,.T.);
#2177 = EDGE_LOOP('',(#2178,#2179));
#2178 = ORIENTED_EDGE('',*,*,#651,.T.);
#2179 = ORIENTED_EDGE('',*,*,#2180,.T.);
#2180 = EDGE_CURVE('',#652,#644,#2181,.T.);
#2181 = CIRCLE('',#2182,3.);
#2182 = AXIS2_PLACEMENT_3D('',#2183,#2184,#2185);
#2183 = CARTESIAN_POINT('',(22.,18.5,51.));
#2184 = DIRECTION('',(1.,-0.,8.E-17));
#2185 = DIRECTION('',(8.E-17,0.,-1.));
#2186 = FACE_BOUND('',#2187,.T.);
#2187 = EDGE_LOOP('',(#2188,#2198,#2206,#2214));
#2188 = ORIENTED_EDGE('',*,*,#2189,.T.);
#2189 = EDGE_CURVE('',#2190,#2192,#2194,.T.);
#2190 = VERTEX_POINT('',#2191);
#2191 = CARTESIAN_POINT('',(22.,24.75,33.5));
#2192 = VERTEX_POINT('',#2193);
#2193 = CARTESIAN_POINT('',(22.,0.25,33.5));
#2194 = LINE('',#2195,#2196);
#2195 = CARTESIAN_POINT('',(22.,0.,33.5));
#2196 = VECTOR('',#2197,1.);
#2197 = DIRECTION('',(0.,-1.,0.));
#2198 = ORIENTED_EDGE('',*,*,#2199,.T.);
#2199 = EDGE_CURVE('',#2192,#2200,#2202,.T.);
#2200 = VERTEX_POINT('',#2201);
#2201 = CARTESIAN_POINT('',(22.,0.25,54.5));
#2202 = LINE('',#2203,#2204);
#2203 = CARTESIAN_POINT('',(22.,0.25,55.));
#2204 = VECTOR('',#2205,1.);
#2205 = DIRECTION('',(-8.E-17,0.,1.));
#2206 = ORIENTED_EDGE('',*,*,#2207,.T.);
#2207 = EDGE_CURVE('',#2200,#2208,#2210,.T.);
#2208 = VERTEX_POINT('',#2209);
#2209 = CARTESIAN_POINT('',(22.,24.75,54.5));
#2210 = LINE('',#2211,#2212);
#2211 = CARTESIAN_POINT('',(22.,25.,54.5));
#2212 = VECTOR('',#2213,1.);
#2213 = DIRECTION('',(-0.,1.,-0.));
#2214 = ORIENTED_EDGE('',*,*,#2215,.T.);
#2215 = EDGE_CURVE('',#2208,#2190,#2216,.T.);
#2216 = LINE('',#2217,#2218);
#2217 = CARTESIAN_POINT('',(22.,24.75,33.5));
#2218 = VECTOR('',#2219,1.);
#2219 = DIRECTION('',(8.E-17,0.,-1.));
#2220 = PLANE('',#2221);
#2221 = AXIS2_PLACEMENT_3D('',#2222,#2223,#2224);
#2222 = CARTESIAN_POINT('',(22.,25.,55.));
#2223 = DIRECTION('',(1.,-0.,8.E-17));
#2224 = DIRECTION('',(8.E-17,0.,-1.));
#2225 = ADVANCED_FACE('',(#2226),#2260,.F.);
#2226 = FACE_BOUND('',#2227,.T.);
#2227 = EDGE_LOOP('',(#2228,#2238,#2246,#2254));
#2228 = ORIENTED_EDGE('',*,*,#2229,.T.);
#2229 = EDGE_CURVE('',#2230,#2232,#2234,.T.);
#2230 = VERTEX_POINT('',#2231);
#2231 = CARTESIAN_POINT('',(22.5,24.75,55.));
#2232 = VERTEX_POINT('',#2233);
#2233 = CARTESIAN_POINT('',(22.5,0.25,55.));
#2234 = LINE('',#2235,#2236);
#2235 = CARTESIAN_POINT('',(22.5,25.,55.));
#2236 = VECTOR('',#2237,1.);
#2237 = DIRECTION('',(0.,-1.,0.));
#2238 = ORIENTED_EDGE('',*,*,#2239,.T.);
#2239 = EDGE_CURVE('',#2232,#2240,#2242,.T.);
#2240 = VERTEX_POINT('',#2241);
#2241 = CARTESIAN_POINT('',(31.5,0.25,55.));
#2242 = LINE('',#2243,#2244);
#2243 = CARTESIAN_POINT('',(22.,0.25,55.));
#2244 = VECTOR('',#2245,1.);
#2245 = DIRECTION('',(1.,0.,0.));
#2246 = ORIENTED_EDGE('',*,*,#2247,.T.);
#2247 = EDGE_CURVE('',#2240,#2248,#2250,.T.);
#2248 = VERTEX_POINT('',#2249);
#2249 = CARTESIAN_POINT('',(31.5,24.75,55.));
#2250 = LINE('',#2251,#2252);
#2251 = CARTESIAN_POINT('',(31.5,25.,55.));
#2252 = VECTOR('',#2253,1.);
#2253 = DIRECTION('',(-0.,1.,-0.));
#2254 = ORIENTED_EDGE('',*,*,#2255,.T.);
#2255 = EDGE_CURVE('',#2248,#2230,#2256,.T.);
#2256 = LINE('',#2257,#2258);
#2257 = CARTESIAN_POINT('',(22.5,24.75,55.));
#2258 = VECTOR('',#2259,1.);
#2259 = DIRECTION('',(-1.,0.,0.));
#2260 = PLANE('',#2261);
#2261 = AXIS2_PLACEMENT_3D('',#2262,#2263,#2264);
#2262 = CARTESIAN_POINT('',(22.,25.,55.));
#2263 = DIRECTION('',(0.,0.,-1.));
#2264 = DIRECTION('',(-1.,0.,-0.));
#2265 = ADVANCED_FACE('',(#2266,#2276,#2286),#2320,.F.);
#2266 = FACE_BOUND('',#2267,.T.);
#2267 = EDGE_LOOP('',(#2268,#2269));
#2268 = ORIENTED_EDGE('',*,*,#693,.T.);
#2269 = ORIENTED_EDGE('',*,*,#2270,.T.);
#2270 = EDGE_CURVE('',#694,#686,#2271,.T.);
#2271 = CIRCLE('',#2272,3.);
#2272 = AXIS2_PLACEMENT_3D('',#2273,#2274,#2275);
#2273 = CARTESIAN_POINT('',(32.,6.5,51.));
#2274 = DIRECTION('',(-1.,0.,0.));
#2275 = DIRECTION('',(0.,0.,1.));
#2276 = FACE_BOUND('',#2277,.T.);
#2277 = EDGE_LOOP('',(#2278,#2279));
#2278 = ORIENTED_EDGE('',*,*,#609,.T.);
#2279 = ORIENTED_EDGE('',*,*,#2280,.T.);
#2280 = EDGE_CURVE('',#610,#602,#2281,.T.);
#2281 = CIRCLE('',#2282,3.);
#2282 = AXIS2_PLACEMENT_3D('',#2283,#2284,#2285);
#2283 = CARTESIAN_POINT('',(32.,18.5,51.));
#2284 = DIRECTION('',(-1.,0.,0.));
#2285 = DIRECTION('',(0.,0.,1.));
#2286 = FACE_BOUND('',#2287,.T.);
#2287 = EDGE_LOOP('',(#2288,#2298,#2306,#2314));
#2288 = ORIENTED_EDGE('',*,*,#2289,.T.);
#2289 = EDGE_CURVE('',#2290,#2292,#2294,.T.);
#2290 = VERTEX_POINT('',#2291);
#2291 = CARTESIAN_POINT('',(32.,24.75,54.5));
#2292 = VERTEX_POINT('',#2293);
#2293 = CARTESIAN_POINT('',(32.,0.25,54.5));
#2294 = LINE('',#2295,#2296);
#2295 = CARTESIAN_POINT('',(32.,25.,54.5));
#2296 = VECTOR('',#2297,1.);
#2297 = DIRECTION('',(0.,-1.,0.));
#2298 = ORIENTED_EDGE('',*,*,#2299,.T.);
#2299 = EDGE_CURVE('',#2292,#2300,#2302,.T.);
#2300 = VERTEX_POINT('',#2301);
#2301 = CARTESIAN_POINT('',(32.,0.25,26.449747468306));
#2302 = LINE('',#2303,#2304);
#2303 = CARTESIAN_POINT('',(32.,0.25,55.));
#2304 = VECTOR('',#2305,1.);
#2305 = DIRECTION('',(0.,0.,-1.));
#2306 = ORIENTED_EDGE('',*,*,#2307,.T.);
#2307 = EDGE_CURVE('',#2300,#2308,#2310,.T.);
#2308 = VERTEX_POINT('',#2309);
#2309 = CARTESIAN_POINT('',(32.,24.75,26.449747468306));
#2310 = LINE('',#2311,#2312);
#2311 = CARTESIAN_POINT('',(32.,25.,26.449747468306));
#2312 = VECTOR('',#2313,1.);
#2313 = DIRECTION('',(-0.,1.,-0.));
#2314 = ORIENTED_EDGE('',*,*,#2315,.T.);
#2315 = EDGE_CURVE('',#2308,#2290,#2316,.T.);
#2316 = LINE('',#2317,#2318);
#2317 = CARTESIAN_POINT('',(32.,24.75,54.5));
#2318 = VECTOR('',#2319,1.);
#2319 = DIRECTION('',(0.,-0.,1.));
#2320 = PLANE('',#2321);
#2321 = AXIS2_PLACEMENT_3D('',#2322,#2323,#2324);
#2322 = CARTESIAN_POINT('',(32.,25.,55.));
#2323 = DIRECTION('',(-1.,0.,0.));
#2324 = DIRECTION('',(0.,0.,1.));
#2325 = ADVANCED_FACE('',(#2326),#2360,.F.);
#2326 = FACE_BOUND('',#2327,.T.);
#2327 = EDGE_LOOP('',(#2328,#2338,#2346,#2354));
#2328 = ORIENTED_EDGE('',*,*,#2329,.T.);
#2329 = EDGE_CURVE('',#2330,#2332,#2334,.T.);
#2330 = VERTEX_POINT('',#2331);
#2331 = CARTESIAN_POINT('',(25.550252531694,24.75,20.));
#2332 = VERTEX_POINT('',#2333);
#2333 = CARTESIAN_POINT('',(25.550252531694,0.25,20.));
#2334 = LINE('',#2335,#2336);
#2335 = CARTESIAN_POINT('',(25.550252531694,0.,20.));
#2336 = VECTOR('',#2337,1.);
#2337 = DIRECTION('',(-0.,-1.,-0.));
#2338 = ORIENTED_EDGE('',*,*,#2339,.T.);
#2339 = EDGE_CURVE('',#2332,#2340,#2342,.T.);
#2340 = VERTEX_POINT('',#2341);
#2341 = CARTESIAN_POINT('',(16.344437127047,0.25,20.));
#2342 = LINE('',#2343,#2344);
#2343 = CARTESIAN_POINT('',(-1.388E-14,0.25,20.));
#2344 = VECTOR('',#2345,1.);
#2345 = DIRECTION('',(-1.,0.,-2.2E-16));
#2346 = ORIENTED_EDGE('',*,*,#2347,.T.);
#2347 = EDGE_CURVE('',#2340,#2348,#2350,.T.);
#2348 = VERTEX_POINT('',#2349);
#2349 = CARTESIAN_POINT('',(16.344437127047,24.75,20.));
#2350 = LINE('',#2351,#2352);
#2351 = CARTESIAN_POINT('',(16.344437127047,25.,20.));
#2352 = VECTOR('',#2353,1.);
#2353 = DIRECTION('',(0.,1.,0.));
#2354 = ORIENTED_EDGE('',*,*,#2355,.T.);
#2355 = EDGE_CURVE('',#2348,#2330,#2356,.T.);
#2356 = LINE('',#2357,#2358);
#2357 = CARTESIAN_POINT('',(25.550252531694,24.75,20.));
#2358 = VECTOR('',#2359,1.);
#2359 = DIRECTION('',(1.,0.,2.2E-16));
#2360 = PLANE('',#2361);
#2361 = AXIS2_PLACEMENT_3D('',#2362,#2363,#2364);
#2362 = CARTESIAN_POINT('',(-1.388E-14,-1.2E-05,20.));
#2363 = DIRECTION('',(-2.2E-16,0.,1.));
#2364 = DIRECTION('',(1.,0.,2.2E-16));
#2365 = ADVANCED_FACE('',(#2366),#2400,.F.);
#2366 = FACE_BOUND('',#2367,.T.);
#2367 = EDGE_LOOP('',(#2368,#2378,#2386,#2394));
#2368 = ORIENTED_EDGE('',*,*,#2369,.T.);
#2369 = EDGE_CURVE('',#2370,#2372,#2374,.T.);
#2370 = VERTEX_POINT('',#2371);
#2371 = CARTESIAN_POINT('',(16.344437127047,24.75,-20.));
#2372 = VERTEX_POINT('',#2373);
#2373 = CARTESIAN_POINT('',(16.344437127047,0.25,-20.));
#2374 = LINE('',#2375,#2376);
#2375 = CARTESIAN_POINT('',(16.344437127047,0.,-20.));
#2376 = VECTOR('',#2377,1.);
#2377 = DIRECTION('',(-0.,-1.,-0.));
#2378 = ORIENTED_EDGE('',*,*,#2379,.T.);
#2379 = EDGE_CURVE('',#2372,#2380,#2382,.T.);
#2380 = VERTEX_POINT('',#2381);
#2381 = CARTESIAN_POINT('',(25.550252531694,0.25,-20.));
#2382 = LINE('',#2383,#2384);
#2383 = CARTESIAN_POINT('',(-1.388E-14,0.25,-20.));
#2384 = VECTOR('',#2385,1.);
#2385 = DIRECTION('',(1.,0.,-2.2E-16));
#2386 = ORIENTED_EDGE('',*,*,#2387,.T.);
#2387 = EDGE_CURVE('',#2380,#2388,#2390,.T.);
#2388 = VERTEX_POINT('',#2389);
#2389 = CARTESIAN_POINT('',(25.550252531694,24.75,-20.));
#2390 = LINE('',#2391,#2392);
#2391 = CARTESIAN_POINT('',(25.550252531694,25.,-20.));
#2392 = VECTOR('',#2393,1.);
#2393 = DIRECTION('',(-0.,1.,-0.));
#2394 = ORIENTED_EDGE('',*,*,#2395,.T.);
#2395 = EDGE_CURVE('',#2388,#2370,#2396,.T.);
#2396 = LINE('',#2397,#2398);
#2397 = CARTESIAN_POINT('',(16.344437127047,24.75,-20.));
#2398 = VECTOR('',#2399,1.);
#2399 = DIRECTION('',(-1.,0.,2.2E-16));
#2400 = PLANE('',#2401);
#2401 = AXIS2_PLACEMENT_3D('',#2402,#2403,#2404);
#2402 = CARTESIAN_POINT('',(-1.388E-14,-1.2E-05,-20.));
#2403 = DIRECTION('',(-2.2E-16,0.,-1.));
#2404 = DIRECTION('',(-1.,0.,2.2E-16));
#2405 = ADVANCED_FACE('',(#2406),#2417,.F.);
#2406 = FACE_BOUND('',#2407,.F.);
#2407 = EDGE_LOOP('',(#2408,#2415,#2416));
#2408 = ORIENTED_EDGE('',*,*,#2409,.F.);
#2409 = EDGE_CURVE('',#1189,#1198,#2410,.T.);
#2410 = CIRCLE('',#2411,2.1);
#2411 = AXIS2_PLACEMENT_3D('',#2412,#2413,#2414);
#2412 = CARTESIAN_POINT('',(24.748737341529,11.138192700042,
    -24.74873734152));
#2413 = DIRECTION('',(0.,-1.,-0.));
#2414 = DIRECTION('',(0.,0.,-1.));
#2415 = ORIENTED_EDGE('',*,*,#1229,.F.);
#2416 = ORIENTED_EDGE('',*,*,#1221,.T.);
#2417 = CONICAL_SURFACE('',#2418,2.1,1.029744258677);
#2418 = AXIS2_PLACEMENT_3D('',#2419,#2420,#2421);
#2419 = CARTESIAN_POINT('',(24.748737341529,11.138192700042,
    -24.74873734152));
#2420 = DIRECTION('',(-0.,-1.,-0.));
#2421 = DIRECTION('',(0.,0.,-1.));
#2422 = ADVANCED_FACE('',(#2423),#2435,.F.);
#2423 = FACE_BOUND('',#2424,.F.);
#2424 = EDGE_LOOP('',(#2425,#2432,#2433,#2434));
#2425 = ORIENTED_EDGE('',*,*,#2426,.F.);
#2426 = EDGE_CURVE('',#483,#502,#2427,.T.);
#2427 = CIRCLE('',#2428,2.1);
#2428 = AXIS2_PLACEMENT_3D('',#2429,#2430,#2431);
#2429 = CARTESIAN_POINT('',(24.748737341529,0.25,-24.74873734152));
#2430 = DIRECTION('',(0.,-1.,0.));
#2431 = DIRECTION('',(0.,0.,1.));
#2432 = ORIENTED_EDGE('',*,*,#1188,.F.);
#2433 = ORIENTED_EDGE('',*,*,#2409,.T.);
#2434 = ORIENTED_EDGE('',*,*,#1197,.T.);
#2435 = CYLINDRICAL_SURFACE('',#2436,2.1);
#2436 = AXIS2_PLACEMENT_3D('',#2437,#2438,#2439);
#2437 = CARTESIAN_POINT('',(24.748737341529,0.,-24.74873734152));
#2438 = DIRECTION('',(-0.,-1.,-0.));
#2439 = DIRECTION('',(0.,0.,-1.));
#2440 = ADVANCED_FACE('',(#2441),#2452,.F.);
#2441 = FACE_BOUND('',#2442,.F.);
#2442 = EDGE_LOOP('',(#2443,#2450,#2451));
#2443 = ORIENTED_EDGE('',*,*,#2444,.F.);
#2444 = EDGE_CURVE('',#1134,#1143,#2445,.T.);
#2445 = CIRCLE('',#2446,2.1);
#2446 = AXIS2_PLACEMENT_3D('',#2447,#2448,#2449);
#2447 = CARTESIAN_POINT('',(-24.74873734152,11.138192700042,
    -24.74873734152));
#2448 = DIRECTION('',(0.,-1.,-0.));
#2449 = DIRECTION('',(0.,0.,-1.));
#2450 = ORIENTED_EDGE('',*,*,#1174,.F.);
#2451 = ORIENTED_EDGE('',*,*,#1166,.T.);
#2452 = CONICAL_SURFACE('',#2453,2.1,1.029744258677);
#2453 = AXIS2_PLACEMENT_3D('',#2454,#2455,#2456);
#2454 = CARTESIAN_POINT('',(-24.74873734152,11.138192700042,
    -24.74873734152));
#2455 = DIRECTION('',(-0.,-1.,-0.));
#2456 = DIRECTION('',(0.,0.,-1.));
#2457 = ADVANCED_FACE('',(#2458),#2470,.F.);
#2458 = FACE_BOUND('',#2459,.F.);
#2459 = EDGE_LOOP('',(#2460,#2467,#2468,#2469));
#2460 = ORIENTED_EDGE('',*,*,#2461,.F.);
#2461 = EDGE_CURVE('',#441,#460,#2462,.T.);
#2462 = CIRCLE('',#2463,2.1);
#2463 = AXIS2_PLACEMENT_3D('',#2464,#2465,#2466);
#2464 = CARTESIAN_POINT('',(-24.74873734152,0.25,-24.74873734152));
#2465 = DIRECTION('',(0.,-1.,0.));
#2466 = DIRECTION('',(0.,0.,1.));
#2467 = ORIENTED_EDGE('',*,*,#1133,.F.);
#2468 = ORIENTED_EDGE('',*,*,#2444,.T.);
#2469 = ORIENTED_EDGE('',*,*,#1142,.T.);
#2470 = CYLINDRICAL_SURFACE('',#2471,2.1);
#2471 = AXIS2_PLACEMENT_3D('',#2472,#2473,#2474);
#2472 = CARTESIAN_POINT('',(-24.74873734152,0.,-24.74873734152));
#2473 = DIRECTION('',(-0.,-1.,-0.));
#2474 = DIRECTION('',(0.,0.,-1.));
#2475 = ADVANCED_FACE('',(#2476),#2487,.F.);
#2476 = FACE_BOUND('',#2477,.F.);
#2477 = EDGE_LOOP('',(#2478,#2485,#2486));
#2478 = ORIENTED_EDGE('',*,*,#2479,.F.);
#2479 = EDGE_CURVE('',#1079,#1088,#2480,.T.);
#2480 = CIRCLE('',#2481,2.1);
#2481 = AXIS2_PLACEMENT_3D('',#2482,#2483,#2484);
#2482 = CARTESIAN_POINT('',(-24.74873734152,11.138192700042,
    24.748737341529));
#2483 = DIRECTION('',(0.,-1.,-0.));
#2484 = DIRECTION('',(0.,0.,-1.));
#2485 = ORIENTED_EDGE('',*,*,#1119,.F.);
#2486 = ORIENTED_EDGE('',*,*,#1111,.T.);
#2487 = CONICAL_SURFACE('',#2488,2.1,1.029744258677);
#2488 = AXIS2_PLACEMENT_3D('',#2489,#2490,#2491);
#2489 = CARTESIAN_POINT('',(-24.74873734152,11.138192700042,
    24.748737341529));
#2490 = DIRECTION('',(-0.,-1.,-0.));
#2491 = DIRECTION('',(0.,0.,-1.));
#2492 = ADVANCED_FACE('',(#2493),#2505,.F.);
#2493 = FACE_BOUND('',#2494,.F.);
#2494 = EDGE_LOOP('',(#2495,#2502,#2503,#2504));
#2495 = ORIENTED_EDGE('',*,*,#2496,.F.);
#2496 = EDGE_CURVE('',#399,#418,#2497,.T.);
#2497 = CIRCLE('',#2498,2.1);
#2498 = AXIS2_PLACEMENT_3D('',#2499,#2500,#2501);
#2499 = CARTESIAN_POINT('',(-24.74873734152,0.25,24.748737341529));
#2500 = DIRECTION('',(0.,-1.,0.));
#2501 = DIRECTION('',(0.,0.,1.));
#2502 = ORIENTED_EDGE('',*,*,#1078,.F.);
#2503 = ORIENTED_EDGE('',*,*,#2479,.T.);
#2504 = ORIENTED_EDGE('',*,*,#1087,.T.);
#2505 = CYLINDRICAL_SURFACE('',#2506,2.1);
#2506 = AXIS2_PLACEMENT_3D('',#2507,#2508,#2509);
#2507 = CARTESIAN_POINT('',(-24.74873734152,0.,24.748737341529));
#2508 = DIRECTION('',(-0.,-1.,-0.));
#2509 = DIRECTION('',(0.,0.,-1.));
#2510 = ADVANCED_FACE('',(#2511),#2522,.F.);
#2511 = FACE_BOUND('',#2512,.F.);
#2512 = EDGE_LOOP('',(#2513,#2520,#2521));
#2513 = ORIENTED_EDGE('',*,*,#2514,.F.);
#2514 = EDGE_CURVE('',#1024,#1033,#2515,.T.);
#2515 = CIRCLE('',#2516,2.1);
#2516 = AXIS2_PLACEMENT_3D('',#2517,#2518,#2519);
#2517 = CARTESIAN_POINT('',(24.748737341529,11.138192700042,
    24.748737341529));
#2518 = DIRECTION('',(0.,-1.,-0.));
#2519 = DIRECTION('',(0.,0.,-1.));
#2520 = ORIENTED_EDGE('',*,*,#1064,.F.);
#2521 = ORIENTED_EDGE('',*,*,#1056,.T.);
#2522 = CONICAL_SURFACE('',#2523,2.1,1.029744258677);
#2523 = AXIS2_PLACEMENT_3D('',#2524,#2525,#2526);
#2524 = CARTESIAN_POINT('',(24.748737341529,11.138192700042,
    24.748737341529));
#2525 = DIRECTION('',(-0.,-1.,-0.));
#2526 = DIRECTION('',(0.,0.,-1.));
#2527 = ADVANCED_FACE('',(#2528),#2540,.F.);
#2528 = FACE_BOUND('',#2529,.F.);
#2529 = EDGE_LOOP('',(#2530,#2537,#2538,#2539));
#2530 = ORIENTED_EDGE('',*,*,#2531,.F.);
#2531 = EDGE_CURVE('',#357,#376,#2532,.T.);
#2532 = CIRCLE('',#2533,2.1);
#2533 = AXIS2_PLACEMENT_3D('',#2534,#2535,#2536);
#2534 = CARTESIAN_POINT('',(24.748737341529,0.25,24.748737341529));
#2535 = DIRECTION('',(0.,-1.,0.));
#2536 = DIRECTION('',(0.,0.,1.));
#2537 = ORIENTED_EDGE('',*,*,#1023,.F.);
#2538 = ORIENTED_EDGE('',*,*,#2514,.T.);
#2539 = ORIENTED_EDGE('',*,*,#1032,.T.);
#2540 = CYLINDRICAL_SURFACE('',#2541,2.1);
#2541 = AXIS2_PLACEMENT_3D('',#2542,#2543,#2544);
#2542 = CARTESIAN_POINT('',(24.748737341529,0.,24.748737341529));
#2543 = DIRECTION('',(-0.,-1.,-0.));
#2544 = DIRECTION('',(0.,0.,-1.));
#2545 = ADVANCED_FACE('',(#2546),#2564,.F.);
#2546 = FACE_BOUND('',#2547,.F.);
#2547 = EDGE_LOOP('',(#2548,#2555,#2556,#2563));
#2548 = ORIENTED_EDGE('',*,*,#2549,.F.);
#2549 = EDGE_CURVE('',#642,#661,#2550,.T.);
#2550 = CIRCLE('',#2551,2.75);
#2551 = AXIS2_PLACEMENT_3D('',#2552,#2553,#2554);
#2552 = CARTESIAN_POINT('',(22.25,18.5,51.));
#2553 = DIRECTION('',(-1.,0.,0.));
#2554 = DIRECTION('',(0.,0.,-1.));
#2555 = ORIENTED_EDGE('',*,*,#1001,.F.);
#2556 = ORIENTED_EDGE('',*,*,#2557,.F.);
#2557 = EDGE_CURVE('',#600,#619,#2558,.T.);
#2558 = CIRCLE('',#2559,2.75);
#2559 = AXIS2_PLACEMENT_3D('',#2560,#2561,#2562);
#2560 = CARTESIAN_POINT('',(31.75,18.5,51.));
#2561 = DIRECTION('',(1.,0.,-0.));
#2562 = DIRECTION('',(0.,0.,1.));
#2563 = ORIENTED_EDGE('',*,*,#1008,.T.);
#2564 = CYLINDRICAL_SURFACE('',#2565,2.75);
#2565 = AXIS2_PLACEMENT_3D('',#2566,#2567,#2568);
#2566 = CARTESIAN_POINT('',(22.,18.5,51.));
#2567 = DIRECTION('',(-1.,-0.,2.3E-16));
#2568 = DIRECTION('',(2.3E-16,0.,1.));
#2569 = ADVANCED_FACE('',(#2570),#2588,.F.);
#2570 = FACE_BOUND('',#2571,.F.);
#2571 = EDGE_LOOP('',(#2572,#2579,#2580,#2587));
#2572 = ORIENTED_EDGE('',*,*,#2573,.F.);
#2573 = EDGE_CURVE('',#894,#913,#2574,.T.);
#2574 = CIRCLE('',#2575,2.75);
#2575 = AXIS2_PLACEMENT_3D('',#2576,#2577,#2578);
#2576 = CARTESIAN_POINT('',(22.25,6.5,-51.));
#2577 = DIRECTION('',(-1.,0.,0.));
#2578 = DIRECTION('',(0.,0.,-1.));
#2579 = ORIENTED_EDGE('',*,*,#979,.F.);
#2580 = ORIENTED_EDGE('',*,*,#2581,.F.);
#2581 = EDGE_CURVE('',#852,#871,#2582,.T.);
#2582 = CIRCLE('',#2583,2.75);
#2583 = AXIS2_PLACEMENT_3D('',#2584,#2585,#2586);
#2584 = CARTESIAN_POINT('',(31.75,6.5,-51.));
#2585 = DIRECTION('',(1.,0.,-0.));
#2586 = DIRECTION('',(0.,0.,1.));
#2587 = ORIENTED_EDGE('',*,*,#986,.T.);
#2588 = CYLINDRICAL_SURFACE('',#2589,2.75);
#2589 = AXIS2_PLACEMENT_3D('',#2590,#2591,#2592);
#2590 = CARTESIAN_POINT('',(22.,6.5,-51.));
#2591 = DIRECTION('',(-1.,-0.,2.3E-16));
#2592 = DIRECTION('',(2.3E-16,0.,1.));
#2593 = ADVANCED_FACE('',(#2594),#2612,.F.);
#2594 = FACE_BOUND('',#2595,.F.);
#2595 = EDGE_LOOP('',(#2596,#2603,#2604,#2611));
#2596 = ORIENTED_EDGE('',*,*,#2597,.F.);
#2597 = EDGE_CURVE('',#726,#745,#2598,.T.);
#2598 = CIRCLE('',#2599,2.75);
#2599 = AXIS2_PLACEMENT_3D('',#2600,#2601,#2602);
#2600 = CARTESIAN_POINT('',(22.25,6.5,51.));
#2601 = DIRECTION('',(-1.,0.,0.));
#2602 = DIRECTION('',(0.,0.,-1.));
#2603 = ORIENTED_EDGE('',*,*,#957,.F.);
#2604 = ORIENTED_EDGE('',*,*,#2605,.F.);
#2605 = EDGE_CURVE('',#684,#703,#2606,.T.);
#2606 = CIRCLE('',#2607,2.75);
#2607 = AXIS2_PLACEMENT_3D('',#2608,#2609,#2610);
#2608 = CARTESIAN_POINT('',(31.75,6.5,51.));
#2609 = DIRECTION('',(1.,0.,-0.));
#2610 = DIRECTION('',(0.,0.,1.));
#2611 = ORIENTED_EDGE('',*,*,#964,.T.);
#2612 = CYLINDRICAL_SURFACE('',#2613,2.75);
#2613 = AXIS2_PLACEMENT_3D('',#2614,#2615,#2616);
#2614 = CARTESIAN_POINT('',(22.,6.5,51.));
#2615 = DIRECTION('',(-1.,-0.,2.3E-16));
#2616 = DIRECTION('',(2.3E-16,0.,1.));
#2617 = ADVANCED_FACE('',(#2618),#2636,.F.);
#2618 = FACE_BOUND('',#2619,.F.);
#2619 = EDGE_LOOP('',(#2620,#2627,#2628,#2635));
#2620 = ORIENTED_EDGE('',*,*,#2621,.F.);
#2621 = EDGE_CURVE('',#810,#829,#2622,.T.);
#2622 = CIRCLE('',#2623,2.75);
#2623 = AXIS2_PLACEMENT_3D('',#2624,#2625,#2626);
#2624 = CARTESIAN_POINT('',(22.25,18.5,-51.));
#2625 = DIRECTION('',(-1.,0.,0.));
#2626 = DIRECTION('',(0.,0.,-1.));
#2627 = ORIENTED_EDGE('',*,*,#935,.F.);
#2628 = ORIENTED_EDGE('',*,*,#2629,.F.);
#2629 = EDGE_CURVE('',#768,#787,#2630,.T.);
#2630 = CIRCLE('',#2631,2.75);
#2631 = AXIS2_PLACEMENT_3D('',#2632,#2633,#2634);
#2632 = CARTESIAN_POINT('',(31.75,18.5,-51.));
#2633 = DIRECTION('',(1.,0.,-0.));
#2634 = DIRECTION('',(0.,0.,1.));
#2635 = ORIENTED_EDGE('',*,*,#942,.T.);
#2636 = CYLINDRICAL_SURFACE('',#2637,2.75);
#2637 = AXIS2_PLACEMENT_3D('',#2638,#2639,#2640);
#2638 = CARTESIAN_POINT('',(22.,18.5,-51.));
#2639 = DIRECTION('',(-1.,-0.,2.3E-16));
#2640 = DIRECTION('',(2.3E-16,0.,1.));
#2641 = ADVANCED_FACE('',(#2642),#2676,.F.);
#2642 = FACE_BOUND('',#2643,.T.);
#2643 = EDGE_LOOP('',(#2644,#2654,#2662,#2670));
#2644 = ORIENTED_EDGE('',*,*,#2645,.T.);
#2645 = EDGE_CURVE('',#2646,#2648,#2650,.T.);
#2646 = VERTEX_POINT('',#2647);
#2647 = CARTESIAN_POINT('',(28.025126265847,24.75,-21.02512626584));
#2648 = VERTEX_POINT('',#2649);
#2649 = CARTESIAN_POINT('',(28.025126265847,0.25,-21.02512626584));
#2650 = LINE('',#2651,#2652);
#2651 = CARTESIAN_POINT('',(28.025126265847,0.,-21.02512626584));
#2652 = VECTOR('',#2653,1.);
#2653 = DIRECTION('',(-0.,-1.,-0.));
#2654 = ORIENTED_EDGE('',*,*,#2655,.T.);
#2655 = EDGE_CURVE('',#2648,#2656,#2658,.T.);
#2656 = VERTEX_POINT('',#2657);
#2657 = CARTESIAN_POINT('',(30.974873734153,0.25,-23.97487373415));
#2658 = LINE('',#2659,#2660);
#2659 = CARTESIAN_POINT('',(30.974873734153,0.25,-23.97487373415));
#2660 = VECTOR('',#2661,1.);
#2661 = DIRECTION('',(0.707106781187,-0.,-0.707106781187));
#2662 = ORIENTED_EDGE('',*,*,#2663,.T.);
#2663 = EDGE_CURVE('',#2656,#2664,#2666,.T.);
#2664 = VERTEX_POINT('',#2665);
#2665 = CARTESIAN_POINT('',(30.974873734153,24.75,-23.97487373415));
#2666 = LINE('',#2667,#2668);
#2667 = CARTESIAN_POINT('',(30.974873734153,25.,-23.97487373415));
#2668 = VECTOR('',#2669,1.);
#2669 = DIRECTION('',(-0.,1.,-0.));
#2670 = ORIENTED_EDGE('',*,*,#2671,.T.);
#2671 = EDGE_CURVE('',#2664,#2646,#2672,.T.);
#2672 = LINE('',#2673,#2674);
#2673 = CARTESIAN_POINT('',(27.,24.75,-20.));
#2674 = VECTOR('',#2675,1.);
#2675 = DIRECTION('',(-0.707106781187,0.,0.707106781187));
#2676 = PLANE('',#2677);
#2677 = AXIS2_PLACEMENT_3D('',#2678,#2679,#2680);
#2678 = CARTESIAN_POINT('',(27.,-1.2E-05,-20.));
#2679 = DIRECTION('',(-0.707106781187,0.,-0.707106781187));
#2680 = DIRECTION('',(0.,1.,0.));
#2681 = ADVANCED_FACE('',(#2682),#2716,.F.);
#2682 = FACE_BOUND('',#2683,.T.);
#2683 = EDGE_LOOP('',(#2684,#2694,#2702,#2710));
#2684 = ORIENTED_EDGE('',*,*,#2685,.T.);
#2685 = EDGE_CURVE('',#2686,#2688,#2690,.T.);
#2686 = VERTEX_POINT('',#2687);
#2687 = CARTESIAN_POINT('',(30.974873734153,24.75,23.974873734153));
#2688 = VERTEX_POINT('',#2689);
#2689 = CARTESIAN_POINT('',(30.974873734153,0.25,23.974873734153));
#2690 = LINE('',#2691,#2692);
#2691 = CARTESIAN_POINT('',(30.974873734153,0.,23.974873734153));
#2692 = VECTOR('',#2693,1.);
#2693 = DIRECTION('',(-0.,-1.,-0.));
#2694 = ORIENTED_EDGE('',*,*,#2695,.T.);
#2695 = EDGE_CURVE('',#2688,#2696,#2698,.T.);
#2696 = VERTEX_POINT('',#2697);
#2697 = CARTESIAN_POINT('',(28.025126265847,0.25,21.025126265847));
#2698 = LINE('',#2699,#2700);
#2699 = CARTESIAN_POINT('',(28.025126265847,0.25,21.025126265847));
#2700 = VECTOR('',#2701,1.);
#2701 = DIRECTION('',(-0.707106781187,-0.,-0.707106781187));
#2702 = ORIENTED_EDGE('',*,*,#2703,.T.);
#2703 = EDGE_CURVE('',#2696,#2704,#2706,.T.);
#2704 = VERTEX_POINT('',#2705);
#2705 = CARTESIAN_POINT('',(28.025126265847,24.75,21.025126265847));
#2706 = LINE('',#2707,#2708);
#2707 = CARTESIAN_POINT('',(28.025126265847,25.,21.025126265847));
#2708 = VECTOR('',#2709,1.);
#2709 = DIRECTION('',(-0.,1.,-0.));
#2710 = ORIENTED_EDGE('',*,*,#2711,.T.);
#2711 = EDGE_CURVE('',#2704,#2686,#2712,.T.);
#2712 = LINE('',#2713,#2714);
#2713 = CARTESIAN_POINT('',(32.,24.75,25.));
#2714 = VECTOR('',#2715,1.);
#2715 = DIRECTION('',(0.707106781187,-0.,0.707106781187));
#2716 = PLANE('',#2717);
#2717 = AXIS2_PLACEMENT_3D('',#2718,#2719,#2720);
#2718 = CARTESIAN_POINT('',(32.,25.,25.));
#2719 = DIRECTION('',(-0.707106781187,0.,0.707106781187));
#2720 = DIRECTION('',(0.,1.,0.));
#2721 = ADVANCED_FACE('',(#2722),#2740,.T.);
#2722 = FACE_BOUND('',#2723,.T.);
#2723 = EDGE_LOOP('',(#2724,#2725,#2732,#2733));
#2724 = ORIENTED_EDGE('',*,*,#2663,.F.);
#2725 = ORIENTED_EDGE('',*,*,#2726,.T.);
#2726 = EDGE_CURVE('',#2656,#1313,#2727,.T.);
#2727 = CIRCLE('',#2728,3.5);
#2728 = AXIS2_PLACEMENT_3D('',#2729,#2730,#2731);
#2729 = CARTESIAN_POINT('',(28.5,0.25,-26.4497474683));
#2730 = DIRECTION('',(0.,1.,0.));
#2731 = DIRECTION('',(0.,-0.,1.));
#2732 = ORIENTED_EDGE('',*,*,#1310,.F.);
#2733 = ORIENTED_EDGE('',*,*,#2734,.T.);
#2734 = EDGE_CURVE('',#1311,#2664,#2735,.T.);
#2735 = CIRCLE('',#2736,3.5);
#2736 = AXIS2_PLACEMENT_3D('',#2737,#2738,#2739);
#2737 = CARTESIAN_POINT('',(28.5,24.75,-26.4497474683));
#2738 = DIRECTION('',(0.,-1.,0.));
#2739 = DIRECTION('',(9.9E-16,0.,1.));
#2740 = CYLINDRICAL_SURFACE('',#2741,3.5);
#2741 = AXIS2_PLACEMENT_3D('',#2742,#2743,#2744);
#2742 = CARTESIAN_POINT('',(28.5,25.,-26.4497474683));
#2743 = DIRECTION('',(0.,-1.,0.));
#2744 = DIRECTION('',(0.,0.,-1.));
#2745 = ADVANCED_FACE('',(#2746),#2764,.T.);
#2746 = FACE_BOUND('',#2747,.T.);
#2747 = EDGE_LOOP('',(#2748,#2749,#2756,#2757));
#2748 = ORIENTED_EDGE('',*,*,#2387,.F.);
#2749 = ORIENTED_EDGE('',*,*,#2750,.T.);
#2750 = EDGE_CURVE('',#2380,#2648,#2751,.T.);
#2751 = CIRCLE('',#2752,3.5);
#2752 = AXIS2_PLACEMENT_3D('',#2753,#2754,#2755);
#2753 = CARTESIAN_POINT('',(25.550252531694,0.25,-23.5));
#2754 = DIRECTION('',(0.,1.,0.));
#2755 = DIRECTION('',(0.,-0.,1.));
#2756 = ORIENTED_EDGE('',*,*,#2645,.F.);
#2757 = ORIENTED_EDGE('',*,*,#2758,.T.);
#2758 = EDGE_CURVE('',#2646,#2388,#2759,.T.);
#2759 = CIRCLE('',#2760,3.5);
#2760 = AXIS2_PLACEMENT_3D('',#2761,#2762,#2763);
#2761 = CARTESIAN_POINT('',(25.550252531694,24.75,-23.5));
#2762 = DIRECTION('',(0.,-1.,0.));
#2763 = DIRECTION('',(-9.9E-16,0.,1.));
#2764 = CYLINDRICAL_SURFACE('',#2765,3.5);
#2765 = AXIS2_PLACEMENT_3D('',#2766,#2767,#2768);
#2766 = CARTESIAN_POINT('',(25.550252531694,-1.2E-05,-23.5));
#2767 = DIRECTION('',(0.,1.,0.));
#2768 = DIRECTION('',(0.,-0.,1.));
#2769 = ADVANCED_FACE('',(#2770),#2788,.T.);
#2770 = FACE_BOUND('',#2771,.T.);
#2771 = EDGE_LOOP('',(#2772,#2773,#2780,#2781));
#2772 = ORIENTED_EDGE('',*,*,#2307,.F.);
#2773 = ORIENTED_EDGE('',*,*,#2774,.T.);
#2774 = EDGE_CURVE('',#2300,#2688,#2775,.T.);
#2775 = CIRCLE('',#2776,3.5);
#2776 = AXIS2_PLACEMENT_3D('',#2777,#2778,#2779);
#2777 = CARTESIAN_POINT('',(28.5,0.25,26.449747468306));
#2778 = DIRECTION('',(0.,1.,0.));
#2779 = DIRECTION('',(0.,-0.,1.));
#2780 = ORIENTED_EDGE('',*,*,#2685,.F.);
#2781 = ORIENTED_EDGE('',*,*,#2782,.T.);
#2782 = EDGE_CURVE('',#2686,#2308,#2783,.T.);
#2783 = CIRCLE('',#2784,3.5);
#2784 = AXIS2_PLACEMENT_3D('',#2785,#2786,#2787);
#2785 = CARTESIAN_POINT('',(28.5,24.75,26.449747468306));
#2786 = DIRECTION('',(0.,-1.,0.));
#2787 = DIRECTION('',(0.,0.,1.));
#2788 = CYLINDRICAL_SURFACE('',#2789,3.5);
#2789 = AXIS2_PLACEMENT_3D('',#2790,#2791,#2792);
#2790 = CARTESIAN_POINT('',(28.5,25.,26.449747468306));
#2791 = DIRECTION('',(0.,1.,0.));
#2792 = DIRECTION('',(0.,-0.,1.));
#2793 = ADVANCED_FACE('',(#2794),#2812,.T.);
#2794 = FACE_BOUND('',#2795,.T.);
#2795 = EDGE_LOOP('',(#2796,#2797,#2804,#2805));
#2796 = ORIENTED_EDGE('',*,*,#2703,.F.);
#2797 = ORIENTED_EDGE('',*,*,#2798,.T.);
#2798 = EDGE_CURVE('',#2696,#2332,#2799,.T.);
#2799 = CIRCLE('',#2800,3.5);
#2800 = AXIS2_PLACEMENT_3D('',#2801,#2802,#2803);
#2801 = CARTESIAN_POINT('',(25.550252531694,0.25,23.5));
#2802 = DIRECTION('',(0.,1.,0.));
#2803 = DIRECTION('',(0.,-0.,1.));
#2804 = ORIENTED_EDGE('',*,*,#2329,.F.);
#2805 = ORIENTED_EDGE('',*,*,#2806,.T.);
#2806 = EDGE_CURVE('',#2330,#2704,#2807,.T.);
#2807 = CIRCLE('',#2808,3.5);
#2808 = AXIS2_PLACEMENT_3D('',#2809,#2810,#2811);
#2809 = CARTESIAN_POINT('',(25.550252531694,24.75,23.5));
#2810 = DIRECTION('',(0.,-1.,0.));
#2811 = DIRECTION('',(-1.98E-15,0.,1.));
#2812 = CYLINDRICAL_SURFACE('',#2813,3.5);
#2813 = AXIS2_PLACEMENT_3D('',#2814,#2815,#2816);
#2814 = CARTESIAN_POINT('',(25.550252531694,-1.2E-05,23.5));
#2815 = DIRECTION('',(0.,-1.,0.));
#2816 = DIRECTION('',(0.,0.,-1.));
#2817 = ADVANCED_FACE('',(#2818),#2836,.T.);
#2818 = FACE_BOUND('',#2819,.T.);
#2819 = EDGE_LOOP('',(#2820,#2821,#2828,#2829));
#2820 = ORIENTED_EDGE('',*,*,#2347,.F.);
#2821 = ORIENTED_EDGE('',*,*,#2822,.T.);
#2822 = EDGE_CURVE('',#2340,#2045,#2823,.T.);
#2823 = CIRCLE('',#2824,3.5);
#2824 = AXIS2_PLACEMENT_3D('',#2825,#2826,#2827);
#2825 = CARTESIAN_POINT('',(16.344437127047,0.25,23.5));
#2826 = DIRECTION('',(0.,1.,0.));
#2827 = DIRECTION('',(0.,-0.,1.));
#2828 = ORIENTED_EDGE('',*,*,#2053,.F.);
#2829 = ORIENTED_EDGE('',*,*,#2830,.T.);
#2830 = EDGE_CURVE('',#324,#2348,#2831,.T.);
#2831 = CIRCLE('',#2832,3.5);
#2832 = AXIS2_PLACEMENT_3D('',#2833,#2834,#2835);
#2833 = CARTESIAN_POINT('',(16.344437127047,24.75,23.5));
#2834 = DIRECTION('',(0.,-1.,0.));
#2835 = DIRECTION('',(1.98E-15,0.,1.));
#2836 = CYLINDRICAL_SURFACE('',#2837,3.5);
#2837 = AXIS2_PLACEMENT_3D('',#2838,#2839,#2840);
#2838 = CARTESIAN_POINT('',(16.344437127047,25.,23.5));
#2839 = DIRECTION('',(-0.,-1.,-0.));
#2840 = DIRECTION('',(0.,0.,-1.));
#2841 = ADVANCED_FACE('',(#2842),#2860,.T.);
#2842 = FACE_BOUND('',#2843,.T.);
#2843 = EDGE_LOOP('',(#2844,#2845,#2852,#2853));
#2844 = ORIENTED_EDGE('',*,*,#1265,.F.);
#2845 = ORIENTED_EDGE('',*,*,#2846,.T.);
#2846 = EDGE_CURVE('',#569,#2372,#2847,.T.);
#2847 = CIRCLE('',#2848,3.5);
#2848 = AXIS2_PLACEMENT_3D('',#2849,#2850,#2851);
#2849 = CARTESIAN_POINT('',(16.344437127047,0.25,-23.5));
#2850 = DIRECTION('',(0.,1.,0.));
#2851 = DIRECTION('',(0.,-0.,1.));
#2852 = ORIENTED_EDGE('',*,*,#2369,.F.);
#2853 = ORIENTED_EDGE('',*,*,#2854,.T.);
#2854 = EDGE_CURVE('',#2370,#1266,#2855,.T.);
#2855 = CIRCLE('',#2856,3.5);
#2856 = AXIS2_PLACEMENT_3D('',#2857,#2858,#2859);
#2857 = CARTESIAN_POINT('',(16.344437127047,24.75,-23.5));
#2858 = DIRECTION('',(0.,-1.,0.));
#2859 = DIRECTION('',(0.,0.,1.));
#2860 = CYLINDRICAL_SURFACE('',#2861,3.5);
#2861 = AXIS2_PLACEMENT_3D('',#2862,#2863,#2864);
#2862 = CARTESIAN_POINT('',(16.344437127047,25.,-23.5));
#2863 = DIRECTION('',(-0.,-1.,-0.));
#2864 = DIRECTION('',(0.,0.,-1.));
#2865 = ADVANCED_FACE('',(#2866),#2884,.F.);
#2866 = FACE_BOUND('',#2867,.F.);
#2867 = EDGE_LOOP('',(#2868,#2875,#2876,#2883));
#2868 = ORIENTED_EDGE('',*,*,#2869,.F.);
#2869 = EDGE_CURVE('',#2190,#1369,#2870,.T.);
#2870 = CIRCLE('',#2871,3.5);
#2871 = AXIS2_PLACEMENT_3D('',#2872,#2873,#2874);
#2872 = CARTESIAN_POINT('',(18.5,24.75,33.5));
#2873 = DIRECTION('',(-0.,1.,0.));
#2874 = DIRECTION('',(0.,0.,1.));
#2875 = ORIENTED_EDGE('',*,*,#2189,.T.);
#2876 = ORIENTED_EDGE('',*,*,#2877,.F.);
#2877 = EDGE_CURVE('',#1361,#2192,#2878,.T.);
#2878 = CIRCLE('',#2879,3.5);
#2879 = AXIS2_PLACEMENT_3D('',#2880,#2881,#2882);
#2880 = CARTESIAN_POINT('',(18.5,0.25,33.5));
#2881 = DIRECTION('',(0.,-1.,0.));
#2882 = DIRECTION('',(0.,0.,1.));
#2883 = ORIENTED_EDGE('',*,*,#1368,.T.);
#2884 = CYLINDRICAL_SURFACE('',#2885,3.5);
#2885 = AXIS2_PLACEMENT_3D('',#2886,#2887,#2888);
#2886 = CARTESIAN_POINT('',(18.5,25.,33.5));
#2887 = DIRECTION('',(0.,1.,0.));
#2888 = DIRECTION('',(0.,-0.,1.));
#2889 = ADVANCED_FACE('',(#2890),#2908,.T.);
#2890 = FACE_BOUND('',#2891,.T.);
#2891 = EDGE_LOOP('',(#2892,#2893,#2900,#2901));
#2892 = ORIENTED_EDGE('',*,*,#2022,.F.);
#2893 = ORIENTED_EDGE('',*,*,#2894,.T.);
#2894 = EDGE_CURVE('',#2015,#1353,#2895,.T.);
#2895 = CIRCLE('',#2896,3.5);
#2896 = AXIS2_PLACEMENT_3D('',#2897,#2898,#2899);
#2897 = CARTESIAN_POINT('',(-26.5,0.25,26.5));
#2898 = DIRECTION('',(0.,1.,0.));
#2899 = DIRECTION('',(0.,-0.,1.));
#2900 = ORIENTED_EDGE('',*,*,#1350,.F.);
#2901 = ORIENTED_EDGE('',*,*,#2902,.T.);
#2902 = EDGE_CURVE('',#1351,#2023,#2903,.T.);
#2903 = CIRCLE('',#2904,3.5);
#2904 = AXIS2_PLACEMENT_3D('',#2905,#2906,#2907);
#2905 = CARTESIAN_POINT('',(-26.5,24.75,26.5));
#2906 = DIRECTION('',(0.,-1.,0.));
#2907 = DIRECTION('',(0.,0.,1.));
#2908 = CYLINDRICAL_SURFACE('',#2909,3.5);
#2909 = AXIS2_PLACEMENT_3D('',#2910,#2911,#2912);
#2910 = CARTESIAN_POINT('',(-26.5,25.,26.5));
#2911 = DIRECTION('',(0.,-1.,0.));
#2912 = DIRECTION('',(0.,0.,-1.));
#2913 = ADVANCED_FACE('',(#2914),#2932,.T.);
#2914 = FACE_BOUND('',#2915,.T.);
#2915 = EDGE_LOOP('',(#2916,#2917,#2924,#2925));
#2916 = ORIENTED_EDGE('',*,*,#1408,.F.);
#2917 = ORIENTED_EDGE('',*,*,#2918,.T.);
#2918 = EDGE_CURVE('',#1401,#2007,#2919,.T.);
#2919 = CIRCLE('',#2920,3.5);
#2920 = AXIS2_PLACEMENT_3D('',#2921,#2922,#2923);
#2921 = CARTESIAN_POINT('',(-26.5,0.25,-26.5));
#2922 = DIRECTION('',(0.,1.,0.));
#2923 = DIRECTION('',(0.,-0.,1.));
#2924 = ORIENTED_EDGE('',*,*,#2004,.F.);
#2925 = ORIENTED_EDGE('',*,*,#2926,.T.);
#2926 = EDGE_CURVE('',#2005,#1409,#2927,.T.);
#2927 = CIRCLE('',#2928,3.5);
#2928 = AXIS2_PLACEMENT_3D('',#2929,#2930,#2931);
#2929 = CARTESIAN_POINT('',(-26.5,24.75,-26.5));
#2930 = DIRECTION('',(0.,-1.,0.));
#2931 = DIRECTION('',(0.,0.,1.));
#2932 = CYLINDRICAL_SURFACE('',#2933,3.5);
#2933 = AXIS2_PLACEMENT_3D('',#2934,#2935,#2936);
#2934 = CARTESIAN_POINT('',(-26.5,25.,-26.5));
#2935 = DIRECTION('',(0.,-1.,0.));
#2936 = DIRECTION('',(0.,0.,-1.));
#2937 = ADVANCED_FACE('',(#2938),#2956,.F.);
#2938 = FACE_BOUND('',#2939,.F.);
#2939 = EDGE_LOOP('',(#2940,#2947,#2948,#2955));
#2940 = ORIENTED_EDGE('',*,*,#2941,.F.);
#2941 = EDGE_CURVE('',#1391,#2108,#2942,.T.);
#2942 = CIRCLE('',#2943,3.5);
#2943 = AXIS2_PLACEMENT_3D('',#2944,#2945,#2946);
#2944 = CARTESIAN_POINT('',(18.5,24.75,-33.5));
#2945 = DIRECTION('',(-0.,1.,0.));
#2946 = DIRECTION('',(0.,0.,1.));
#2947 = ORIENTED_EDGE('',*,*,#1390,.T.);
#2948 = ORIENTED_EDGE('',*,*,#2949,.F.);
#2949 = EDGE_CURVE('',#2100,#1393,#2950,.T.);
#2950 = CIRCLE('',#2951,3.5);
#2951 = AXIS2_PLACEMENT_3D('',#2952,#2953,#2954);
#2952 = CARTESIAN_POINT('',(18.5,0.25,-33.5));
#2953 = DIRECTION('',(0.,-1.,0.));
#2954 = DIRECTION('',(0.,0.,1.));
#2955 = ORIENTED_EDGE('',*,*,#2107,.T.);
#2956 = CYLINDRICAL_SURFACE('',#2957,3.5);
#2957 = AXIS2_PLACEMENT_3D('',#2958,#2959,#2960);
#2958 = CARTESIAN_POINT('',(18.5,25.,-33.5));
#2959 = DIRECTION('',(0.,-1.,0.));
#2960 = DIRECTION('',(0.,0.,-1.));
#2961 = ADVANCED_FACE('',(#2962),#2980,.T.);
#2962 = FACE_BOUND('',#2963,.T.);
#2963 = EDGE_LOOP('',(#2964,#2965,#2972,#2973));
#2964 = ORIENTED_EDGE('',*,*,#2207,.F.);
#2965 = ORIENTED_EDGE('',*,*,#2966,.T.);
#2966 = EDGE_CURVE('',#2200,#2232,#2967,.T.);
#2967 = CIRCLE('',#2968,0.5);
#2968 = AXIS2_PLACEMENT_3D('',#2969,#2970,#2971);
#2969 = CARTESIAN_POINT('',(22.5,0.25,54.5));
#2970 = DIRECTION('',(0.,1.,0.));
#2971 = DIRECTION('',(0.,-0.,1.));
#2972 = ORIENTED_EDGE('',*,*,#2229,.F.);
#2973 = ORIENTED_EDGE('',*,*,#2974,.T.);
#2974 = EDGE_CURVE('',#2230,#2208,#2975,.T.);
#2975 = CIRCLE('',#2976,0.5);
#2976 = AXIS2_PLACEMENT_3D('',#2977,#2978,#2979);
#2977 = CARTESIAN_POINT('',(22.5,24.75,54.5));
#2978 = DIRECTION('',(0.,-1.,0.));
#2979 = DIRECTION('',(0.,0.,1.));
#2980 = CYLINDRICAL_SURFACE('',#2981,0.5);
#2981 = AXIS2_PLACEMENT_3D('',#2982,#2983,#2984);
#2982 = CARTESIAN_POINT('',(22.5,25.,54.5));
#2983 = DIRECTION('',(0.,-1.,0.));
#2984 = DIRECTION('',(0.,0.,-1.));
#2985 = ADVANCED_FACE('',(#2986),#3004,.T.);
#2986 = FACE_BOUND('',#2987,.T.);
#2987 = EDGE_LOOP('',(#2988,#2989,#2996,#2997));
#2988 = ORIENTED_EDGE('',*,*,#2247,.F.);
#2989 = ORIENTED_EDGE('',*,*,#2990,.T.);
#2990 = EDGE_CURVE('',#2240,#2292,#2991,.T.);
#2991 = CIRCLE('',#2992,0.5);
#2992 = AXIS2_PLACEMENT_3D('',#2993,#2994,#2995);
#2993 = CARTESIAN_POINT('',(31.5,0.25,54.5));
#2994 = DIRECTION('',(0.,1.,0.));
#2995 = DIRECTION('',(0.,-0.,1.));
#2996 = ORIENTED_EDGE('',*,*,#2289,.F.);
#2997 = ORIENTED_EDGE('',*,*,#2998,.T.);
#2998 = EDGE_CURVE('',#2290,#2248,#2999,.T.);
#2999 = CIRCLE('',#3000,0.5);
#3000 = AXIS2_PLACEMENT_3D('',#3001,#3002,#3003);
#3001 = CARTESIAN_POINT('',(31.5,24.75,54.5));
#3002 = DIRECTION('',(0.,-1.,0.));
#3003 = DIRECTION('',(0.,0.,1.));
#3004 = CYLINDRICAL_SURFACE('',#3005,0.5);
#3005 = AXIS2_PLACEMENT_3D('',#3006,#3007,#3008);
#3006 = CARTESIAN_POINT('',(31.5,25.,54.5));
#3007 = DIRECTION('',(0.,-1.,0.));
#3008 = DIRECTION('',(0.,0.,-1.));
#3009 = ADVANCED_FACE('',(#3010),#3028,.T.);
#3010 = FACE_BOUND('',#3011,.T.);
#3011 = EDGE_LOOP('',(#3012,#3013,#3020,#3021));
#3012 = ORIENTED_EDGE('',*,*,#1328,.F.);
#3013 = ORIENTED_EDGE('',*,*,#3014,.T.);
#3014 = EDGE_CURVE('',#1321,#2132,#3015,.T.);
#3015 = CIRCLE('',#3016,0.5);
#3016 = AXIS2_PLACEMENT_3D('',#3017,#3018,#3019);
#3017 = CARTESIAN_POINT('',(31.5,0.25,-54.5));
#3018 = DIRECTION('',(0.,1.,0.));
#3019 = DIRECTION('',(0.,-0.,1.));
#3020 = ORIENTED_EDGE('',*,*,#2129,.F.);
#3021 = ORIENTED_EDGE('',*,*,#3022,.T.);
#3022 = EDGE_CURVE('',#2130,#1329,#3023,.T.);
#3023 = CIRCLE('',#3024,0.5);
#3024 = AXIS2_PLACEMENT_3D('',#3025,#3026,#3027);
#3025 = CARTESIAN_POINT('',(31.5,24.75,-54.5));
#3026 = DIRECTION('',(0.,-1.,0.));
#3027 = DIRECTION('',(0.,0.,1.));
#3028 = CYLINDRICAL_SURFACE('',#3029,0.5);
#3029 = AXIS2_PLACEMENT_3D('',#3030,#3031,#3032);
#3030 = CARTESIAN_POINT('',(31.5,25.,-54.5));
#3031 = DIRECTION('',(0.,-1.,0.));
#3032 = DIRECTION('',(0.,0.,-1.));
#3033 = ADVANCED_FACE('',(#3034),#3052,.T.);
#3034 = FACE_BOUND('',#3035,.T.);
#3035 = EDGE_LOOP('',(#3036,#3037,#3044,#3045));
#3036 = ORIENTED_EDGE('',*,*,#2147,.F.);
#3037 = ORIENTED_EDGE('',*,*,#3038,.T.);
#3038 = EDGE_CURVE('',#2140,#2092,#3039,.T.);
#3039 = CIRCLE('',#3040,0.5);
#3040 = AXIS2_PLACEMENT_3D('',#3041,#3042,#3043);
#3041 = CARTESIAN_POINT('',(22.5,0.25,-54.5));
#3042 = DIRECTION('',(0.,1.,0.));
#3043 = DIRECTION('',(0.,-0.,1.));
#3044 = ORIENTED_EDGE('',*,*,#2089,.F.);
#3045 = ORIENTED_EDGE('',*,*,#3046,.T.);
#3046 = EDGE_CURVE('',#2090,#2148,#3047,.T.);
#3047 = CIRCLE('',#3048,0.5);
#3048 = AXIS2_PLACEMENT_3D('',#3049,#3050,#3051);
#3049 = CARTESIAN_POINT('',(22.5,24.75,-54.5));
#3050 = DIRECTION('',(0.,-1.,0.));
#3051 = DIRECTION('',(0.,0.,1.));
#3052 = CYLINDRICAL_SURFACE('',#3053,0.5);
#3053 = AXIS2_PLACEMENT_3D('',#3054,#3055,#3056);
#3054 = CARTESIAN_POINT('',(22.5,25.,-54.5));
#3055 = DIRECTION('',(0.,-1.,0.));
#3056 = DIRECTION('',(0.,0.,-1.));
#3057 = ADVANCED_FACE('',(#3058),#3064,.F.);
#3058 = FACE_BOUND('',#3059,.F.);
#3059 = EDGE_LOOP('',(#3060,#3061,#3062,#3063));
#3060 = ORIENTED_EDGE('',*,*,#2070,.T.);
#3061 = ORIENTED_EDGE('',*,*,#893,.F.);
#3062 = ORIENTED_EDGE('',*,*,#2573,.T.);
#3063 = ORIENTED_EDGE('',*,*,#912,.T.);
#3064 = CONICAL_SURFACE('',#3065,2.75,0.785398163397);
#3065 = AXIS2_PLACEMENT_3D('',#3066,#3067,#3068);
#3066 = CARTESIAN_POINT('',(22.25,6.5,-51.));
#3067 = DIRECTION('',(-1.,0.,0.));
#3068 = DIRECTION('',(0.,0.,1.));
#3069 = ADVANCED_FACE('',(#3070),#3076,.F.);
#3070 = FACE_BOUND('',#3071,.F.);
#3071 = EDGE_LOOP('',(#3072,#3073,#3074,#3075));
#3072 = ORIENTED_EDGE('',*,*,#1291,.T.);
#3073 = ORIENTED_EDGE('',*,*,#851,.F.);
#3074 = ORIENTED_EDGE('',*,*,#2581,.T.);
#3075 = ORIENTED_EDGE('',*,*,#870,.T.);
#3076 = CONICAL_SURFACE('',#3077,3.,0.785398163397);
#3077 = AXIS2_PLACEMENT_3D('',#3078,#3079,#3080);
#3078 = CARTESIAN_POINT('',(32.,6.5,-51.));
#3079 = DIRECTION('',(1.,-0.,-0.));
#3080 = DIRECTION('',(0.,0.,-1.));
#3081 = ADVANCED_FACE('',(#3082),#3088,.F.);
#3082 = FACE_BOUND('',#3083,.F.);
#3083 = EDGE_LOOP('',(#3084,#3085,#3086,#3087));
#3084 = ORIENTED_EDGE('',*,*,#2080,.T.);
#3085 = ORIENTED_EDGE('',*,*,#809,.F.);
#3086 = ORIENTED_EDGE('',*,*,#2621,.T.);
#3087 = ORIENTED_EDGE('',*,*,#828,.T.);
#3088 = CONICAL_SURFACE('',#3089,2.75,0.785398163397);
#3089 = AXIS2_PLACEMENT_3D('',#3090,#3091,#3092);
#3090 = CARTESIAN_POINT('',(22.25,18.5,-51.));
#3091 = DIRECTION('',(-1.,0.,0.));
#3092 = DIRECTION('',(0.,0.,1.));
#3093 = ADVANCED_FACE('',(#3094),#3100,.F.);
#3094 = FACE_BOUND('',#3095,.F.);
#3095 = EDGE_LOOP('',(#3096,#3097,#3098,#3099));
#3096 = ORIENTED_EDGE('',*,*,#1301,.T.);
#3097 = ORIENTED_EDGE('',*,*,#767,.F.);
#3098 = ORIENTED_EDGE('',*,*,#2629,.T.);
#3099 = ORIENTED_EDGE('',*,*,#786,.T.);
#3100 = CONICAL_SURFACE('',#3101,3.,0.785398163397);
#3101 = AXIS2_PLACEMENT_3D('',#3102,#3103,#3104);
#3102 = CARTESIAN_POINT('',(32.,18.5,-51.));
#3103 = DIRECTION('',(1.,-0.,-0.));
#3104 = DIRECTION('',(0.,0.,-1.));
#3105 = ADVANCED_FACE('',(#3106),#3112,.F.);
#3106 = FACE_BOUND('',#3107,.F.);
#3107 = EDGE_LOOP('',(#3108,#3109,#3110,#3111));
#3108 = ORIENTED_EDGE('',*,*,#2170,.T.);
#3109 = ORIENTED_EDGE('',*,*,#725,.F.);
#3110 = ORIENTED_EDGE('',*,*,#2597,.T.);
#3111 = ORIENTED_EDGE('',*,*,#744,.T.);
#3112 = CONICAL_SURFACE('',#3113,2.75,0.785398163397);
#3113 = AXIS2_PLACEMENT_3D('',#3114,#3115,#3116);
#3114 = CARTESIAN_POINT('',(22.25,6.5,51.));
#3115 = DIRECTION('',(-1.,0.,0.));
#3116 = DIRECTION('',(0.,0.,1.));
#3117 = ADVANCED_FACE('',(#3118),#3124,.F.);
#3118 = FACE_BOUND('',#3119,.F.);
#3119 = EDGE_LOOP('',(#3120,#3121,#3122,#3123));
#3120 = ORIENTED_EDGE('',*,*,#2270,.T.);
#3121 = ORIENTED_EDGE('',*,*,#683,.F.);
#3122 = ORIENTED_EDGE('',*,*,#2605,.T.);
#3123 = ORIENTED_EDGE('',*,*,#702,.T.);
#3124 = CONICAL_SURFACE('',#3125,3.,0.785398163397);
#3125 = AXIS2_PLACEMENT_3D('',#3126,#3127,#3128);
#3126 = CARTESIAN_POINT('',(32.,6.5,51.));
#3127 = DIRECTION('',(1.,-0.,-0.));
#3128 = DIRECTION('',(0.,0.,-1.));
#3129 = ADVANCED_FACE('',(#3130),#3136,.F.);
#3130 = FACE_BOUND('',#3131,.F.);
#3131 = EDGE_LOOP('',(#3132,#3133,#3134,#3135));
#3132 = ORIENTED_EDGE('',*,*,#2180,.T.);
#3133 = ORIENTED_EDGE('',*,*,#641,.F.);
#3134 = ORIENTED_EDGE('',*,*,#2549,.T.);
#3135 = ORIENTED_EDGE('',*,*,#660,.T.);
#3136 = CONICAL_SURFACE('',#3137,2.75,0.785398163397);
#3137 = AXIS2_PLACEMENT_3D('',#3138,#3139,#3140);
#3138 = CARTESIAN_POINT('',(22.25,18.5,51.));
#3139 = DIRECTION('',(-1.,0.,0.));
#3140 = DIRECTION('',(0.,0.,1.));
#3141 = ADVANCED_FACE('',(#3142),#3148,.F.);
#3142 = FACE_BOUND('',#3143,.F.);
#3143 = EDGE_LOOP('',(#3144,#3145,#3146,#3147));
#3144 = ORIENTED_EDGE('',*,*,#2280,.T.);
#3145 = ORIENTED_EDGE('',*,*,#599,.F.);
#3146 = ORIENTED_EDGE('',*,*,#2557,.T.);
#3147 = ORIENTED_EDGE('',*,*,#618,.T.);
#3148 = CONICAL_SURFACE('',#3149,3.,0.785398163397);
#3149 = AXIS2_PLACEMENT_3D('',#3150,#3151,#3152);
#3150 = CARTESIAN_POINT('',(32.,18.5,51.));
#3151 = DIRECTION('',(1.,-0.,-0.));
#3152 = DIRECTION('',(0.,0.,-1.));
#3153 = ADVANCED_FACE('',(#3154),#3170,.T.);
#3154 = FACE_BOUND('',#3155,.T.);
#3155 = EDGE_LOOP('',(#3156,#3162,#3163,#3169));
#3156 = ORIENTED_EDGE('',*,*,#3157,.F.);
#3157 = EDGE_CURVE('',#2132,#1839,#3158,.T.);
#3158 = LINE('',#3159,#3160);
#3159 = CARTESIAN_POINT('',(31.5,0.25,-55.));
#3160 = VECTOR('',#3161,1.);
#3161 = DIRECTION('',(0.,-0.707106781187,0.707106781187));
#3162 = ORIENTED_EDGE('',*,*,#3014,.F.);
#3163 = ORIENTED_EDGE('',*,*,#3164,.F.);
#3164 = EDGE_CURVE('',#1847,#1321,#3165,.T.);
#3165 = LINE('',#3166,#3167);
#3166 = CARTESIAN_POINT('',(31.75,0.,-54.5));
#3167 = VECTOR('',#3168,1.);
#3168 = DIRECTION('',(0.707106781187,0.707106781187,0.));
#3169 = ORIENTED_EDGE('',*,*,#1846,.F.);
#3170 = CONICAL_SURFACE('',#3171,0.25,0.785398163397);
#3171 = AXIS2_PLACEMENT_3D('',#3172,#3173,#3174);
#3172 = CARTESIAN_POINT('',(31.5,0.,-54.5));
#3173 = DIRECTION('',(0.,1.,0.));
#3174 = DIRECTION('',(0.,-0.,1.));
#3175 = ADVANCED_FACE('',(#3176),#3187,.F.);
#3176 = FACE_BOUND('',#3177,.T.);
#3177 = EDGE_LOOP('',(#3178,#3179,#3180,#3186));
#3178 = ORIENTED_EDGE('',*,*,#3164,.T.);
#3179 = ORIENTED_EDGE('',*,*,#1320,.F.);
#3180 = ORIENTED_EDGE('',*,*,#3181,.F.);
#3181 = EDGE_CURVE('',#1856,#1313,#3182,.T.);
#3182 = LINE('',#3183,#3184);
#3183 = CARTESIAN_POINT('',(31.75,0.,-26.4497474683));
#3184 = VECTOR('',#3185,1.);
#3185 = DIRECTION('',(0.707106781187,0.707106781187,0.));
#3186 = ORIENTED_EDGE('',*,*,#1855,.F.);
#3187 = PLANE('',#3188);
#3188 = AXIS2_PLACEMENT_3D('',#3189,#3190,#3191);
#3189 = CARTESIAN_POINT('',(32.,0.25,-55.));
#3190 = DIRECTION('',(-0.707106781187,0.707106781187,0.));
#3191 = DIRECTION('',(0.,0.,-1.));
#3192 = ADVANCED_FACE('',(#3193),#3204,.F.);
#3193 = FACE_BOUND('',#3194,.T.);
#3194 = EDGE_LOOP('',(#3195,#3196,#3197,#3203));
#3195 = ORIENTED_EDGE('',*,*,#3157,.T.);
#3196 = ORIENTED_EDGE('',*,*,#1838,.F.);
#3197 = ORIENTED_EDGE('',*,*,#3198,.F.);
#3198 = EDGE_CURVE('',#2140,#1830,#3199,.T.);
#3199 = LINE('',#3200,#3201);
#3200 = CARTESIAN_POINT('',(22.5,0.25,-55.));
#3201 = VECTOR('',#3202,1.);
#3202 = DIRECTION('',(0.,-0.707106781187,0.707106781187));
#3203 = ORIENTED_EDGE('',*,*,#2139,.F.);
#3204 = PLANE('',#3205);
#3205 = AXIS2_PLACEMENT_3D('',#3206,#3207,#3208);
#3206 = CARTESIAN_POINT('',(22.,0.25,-55.));
#3207 = DIRECTION('',(0.,0.707106781187,0.707106781187));
#3208 = DIRECTION('',(-1.,0.,0.));
#3209 = ADVANCED_FACE('',(#3210),#3221,.T.);
#3210 = FACE_BOUND('',#3211,.T.);
#3211 = EDGE_LOOP('',(#3212,#3213,#3214,#3220));
#3212 = ORIENTED_EDGE('',*,*,#3181,.T.);
#3213 = ORIENTED_EDGE('',*,*,#2726,.F.);
#3214 = ORIENTED_EDGE('',*,*,#3215,.F.);
#3215 = EDGE_CURVE('',#1864,#2656,#3216,.T.);
#3216 = LINE('',#3217,#3218);
#3217 = CARTESIAN_POINT('',(30.798097038856,0.,-24.15165042945));
#3218 = VECTOR('',#3219,1.);
#3219 = DIRECTION('',(0.5,0.707106781187,0.5));
#3220 = ORIENTED_EDGE('',*,*,#1863,.F.);
#3221 = CONICAL_SURFACE('',#3222,3.25,0.785398163397);
#3222 = AXIS2_PLACEMENT_3D('',#3223,#3224,#3225);
#3223 = CARTESIAN_POINT('',(28.5,0.,-26.4497474683));
#3224 = DIRECTION('',(0.,1.,0.));
#3225 = DIRECTION('',(0.,-0.,1.));
#3226 = ADVANCED_FACE('',(#3227),#3238,.T.);
#3227 = FACE_BOUND('',#3228,.T.);
#3228 = EDGE_LOOP('',(#3229,#3230,#3231,#3237));
#3229 = ORIENTED_EDGE('',*,*,#3198,.T.);
#3230 = ORIENTED_EDGE('',*,*,#1829,.F.);
#3231 = ORIENTED_EDGE('',*,*,#3232,.F.);
#3232 = EDGE_CURVE('',#2092,#1822,#3233,.T.);
#3233 = LINE('',#3234,#3235);
#3234 = CARTESIAN_POINT('',(22.,0.25,-54.5));
#3235 = VECTOR('',#3236,1.);
#3236 = DIRECTION('',(0.707106781187,-0.707106781187,0.));
#3237 = ORIENTED_EDGE('',*,*,#3038,.F.);
#3238 = CONICAL_SURFACE('',#3239,0.25,0.785398163397);
#3239 = AXIS2_PLACEMENT_3D('',#3240,#3241,#3242);
#3240 = CARTESIAN_POINT('',(22.5,0.,-54.5));
#3241 = DIRECTION('',(0.,1.,0.));
#3242 = DIRECTION('',(0.,-0.,1.));
#3243 = ADVANCED_FACE('',(#3244),#3255,.F.);
#3244 = FACE_BOUND('',#3245,.T.);
#3245 = EDGE_LOOP('',(#3246,#3247,#3248,#3254));
#3246 = ORIENTED_EDGE('',*,*,#3215,.T.);
#3247 = ORIENTED_EDGE('',*,*,#2655,.F.);
#3248 = ORIENTED_EDGE('',*,*,#3249,.F.);
#3249 = EDGE_CURVE('',#1873,#2648,#3250,.T.);
#3250 = LINE('',#3251,#3252);
#3251 = CARTESIAN_POINT('',(27.84834957055,0.,-21.20190296114));
#3252 = VECTOR('',#3253,1.);
#3253 = DIRECTION('',(0.5,0.707106781187,0.5));
#3254 = ORIENTED_EDGE('',*,*,#1872,.F.);
#3255 = PLANE('',#3256);
#3256 = AXIS2_PLACEMENT_3D('',#3257,#3258,#3259);
#3257 = CARTESIAN_POINT('',(3.323223304703,0.,3.323223304703));
#3258 = DIRECTION('',(-0.5,0.707106781187,-0.5));
#3259 = DIRECTION('',(-0.707106781187,-5.551115123126E-17,0.707106781187
    ));
#3260 = ADVANCED_FACE('',(#3261),#3272,.F.);
#3261 = FACE_BOUND('',#3262,.T.);
#3262 = EDGE_LOOP('',(#3263,#3264,#3265,#3271));
#3263 = ORIENTED_EDGE('',*,*,#3232,.T.);
#3264 = ORIENTED_EDGE('',*,*,#1821,.F.);
#3265 = ORIENTED_EDGE('',*,*,#3266,.F.);
#3266 = EDGE_CURVE('',#2100,#1813,#3267,.T.);
#3267 = LINE('',#3268,#3269);
#3268 = CARTESIAN_POINT('',(22.,0.25,-33.5));
#3269 = VECTOR('',#3270,1.);
#3270 = DIRECTION('',(0.707106781187,-0.707106781187,0.));
#3271 = ORIENTED_EDGE('',*,*,#2099,.F.);
#3272 = PLANE('',#3273);
#3273 = AXIS2_PLACEMENT_3D('',#3274,#3275,#3276);
#3274 = CARTESIAN_POINT('',(22.,0.25,-55.));
#3275 = DIRECTION('',(0.707106781187,0.707106781187,-6.E-17));
#3276 = DIRECTION('',(8.242640687119E-17,2.426406871193E-18,1.));
#3277 = ADVANCED_FACE('',(#3278),#3289,.T.);
#3278 = FACE_BOUND('',#3279,.T.);
#3279 = EDGE_LOOP('',(#3280,#3281,#3282,#3288));
#3280 = ORIENTED_EDGE('',*,*,#3249,.T.);
#3281 = ORIENTED_EDGE('',*,*,#2750,.F.);
#3282 = ORIENTED_EDGE('',*,*,#3283,.F.);
#3283 = EDGE_CURVE('',#1881,#2380,#3284,.T.);
#3284 = LINE('',#3285,#3286);
#3285 = CARTESIAN_POINT('',(25.550252531694,0.,-20.25));
#3286 = VECTOR('',#3287,1.);
#3287 = DIRECTION('',(0.,0.707106781187,0.707106781187));
#3288 = ORIENTED_EDGE('',*,*,#1880,.F.);
#3289 = CONICAL_SURFACE('',#3290,3.25,0.785398163397);
#3290 = AXIS2_PLACEMENT_3D('',#3291,#3292,#3293);
#3291 = CARTESIAN_POINT('',(25.550252531694,0.,-23.5));
#3292 = DIRECTION('',(0.,1.,0.));
#3293 = DIRECTION('',(0.,-0.,1.));
#3294 = ADVANCED_FACE('',(#3295),#3306,.F.);
#3295 = FACE_BOUND('',#3296,.F.);
#3296 = EDGE_LOOP('',(#3297,#3298,#3304,#3305));
#3297 = ORIENTED_EDGE('',*,*,#2949,.T.);
#3298 = ORIENTED_EDGE('',*,*,#3299,.T.);
#3299 = EDGE_CURVE('',#1393,#1805,#3300,.T.);
#3300 = LINE('',#3301,#3302);
#3301 = CARTESIAN_POINT('',(18.5,0.25,-30.));
#3302 = VECTOR('',#3303,1.);
#3303 = DIRECTION('',(0.,-0.707106781187,0.707106781187));
#3304 = ORIENTED_EDGE('',*,*,#1812,.T.);
#3305 = ORIENTED_EDGE('',*,*,#3266,.F.);
#3306 = CONICAL_SURFACE('',#3307,3.75,0.785398163397);
#3307 = AXIS2_PLACEMENT_3D('',#3308,#3309,#3310);
#3308 = CARTESIAN_POINT('',(18.5,0.,-33.5));
#3309 = DIRECTION('',(-0.,-1.,-0.));
#3310 = DIRECTION('',(0.,0.,-1.));
#3311 = ADVANCED_FACE('',(#3312),#3323,.F.);
#3312 = FACE_BOUND('',#3313,.T.);
#3313 = EDGE_LOOP('',(#3314,#3315,#3316,#3322));
#3314 = ORIENTED_EDGE('',*,*,#3283,.T.);
#3315 = ORIENTED_EDGE('',*,*,#2379,.F.);
#3316 = ORIENTED_EDGE('',*,*,#3317,.F.);
#3317 = EDGE_CURVE('',#1890,#2372,#3318,.T.);
#3318 = LINE('',#3319,#3320);
#3319 = CARTESIAN_POINT('',(16.344437127047,0.,-20.25));
#3320 = VECTOR('',#3321,1.);
#3321 = DIRECTION('',(0.,0.707106781187,0.707106781187));
#3322 = ORIENTED_EDGE('',*,*,#1889,.F.);
#3323 = PLANE('',#3324);
#3324 = AXIS2_PLACEMENT_3D('',#3325,#3326,#3327);
#3325 = CARTESIAN_POINT('',(-4.39E-15,0.,-20.25));
#3326 = DIRECTION('',(-1.5E-16,0.707106781187,-0.707106781187));
#3327 = DIRECTION('',(-1.,3.933982822018E-18,2.16066017178E-16));
#3328 = ADVANCED_FACE('',(#3329),#3340,.F.);
#3329 = FACE_BOUND('',#3330,.T.);
#3330 = EDGE_LOOP('',(#3331,#3332,#3333,#3339));
#3331 = ORIENTED_EDGE('',*,*,#3299,.T.);
#3332 = ORIENTED_EDGE('',*,*,#1804,.F.);
#3333 = ORIENTED_EDGE('',*,*,#3334,.F.);
#3334 = EDGE_CURVE('',#1401,#1796,#3335,.T.);
#3335 = LINE('',#3336,#3337);
#3336 = CARTESIAN_POINT('',(-26.5,0.25,-30.));
#3337 = VECTOR('',#3338,1.);
#3338 = DIRECTION('',(0.,-0.707106781187,0.707106781187));
#3339 = ORIENTED_EDGE('',*,*,#1400,.F.);
#3340 = PLANE('',#3341);
#3341 = AXIS2_PLACEMENT_3D('',#3342,#3343,#3344);
#3342 = CARTESIAN_POINT('',(-30.,0.25,-30.));
#3343 = DIRECTION('',(0.,0.707106781187,0.707106781187));
#3344 = DIRECTION('',(-1.,0.,0.));
#3345 = ADVANCED_FACE('',(#3346),#3352,.T.);
#3346 = FACE_BOUND('',#3347,.T.);
#3347 = EDGE_LOOP('',(#3348,#3349,#3350,#3351));
#3348 = ORIENTED_EDGE('',*,*,#3317,.T.);
#3349 = ORIENTED_EDGE('',*,*,#2846,.F.);
#3350 = ORIENTED_EDGE('',*,*,#566,.F.);
#3351 = ORIENTED_EDGE('',*,*,#1897,.F.);
#3352 = CONICAL_SURFACE('',#3353,3.25,0.785398163397);
#3353 = AXIS2_PLACEMENT_3D('',#3354,#3355,#3356);
#3354 = CARTESIAN_POINT('',(16.344437127047,0.,-23.5));
#3355 = DIRECTION('',(0.,1.,0.));
#3356 = DIRECTION('',(0.,-0.,1.));
#3357 = ADVANCED_FACE('',(#3358),#3369,.T.);
#3358 = FACE_BOUND('',#3359,.T.);
#3359 = EDGE_LOOP('',(#3360,#3361,#3362,#3368));
#3360 = ORIENTED_EDGE('',*,*,#3334,.T.);
#3361 = ORIENTED_EDGE('',*,*,#1795,.F.);
#3362 = ORIENTED_EDGE('',*,*,#3363,.F.);
#3363 = EDGE_CURVE('',#2007,#1788,#3364,.T.);
#3364 = LINE('',#3365,#3366);
#3365 = CARTESIAN_POINT('',(-30.,0.25,-26.5));
#3366 = VECTOR('',#3367,1.);
#3367 = DIRECTION('',(0.707106781187,-0.707106781187,0.));
#3368 = ORIENTED_EDGE('',*,*,#2918,.F.);
#3369 = CONICAL_SURFACE('',#3370,3.25,0.785398163397);
#3370 = AXIS2_PLACEMENT_3D('',#3371,#3372,#3373);
#3371 = CARTESIAN_POINT('',(-26.5,0.,-26.5));
#3372 = DIRECTION('',(0.,1.,0.));
#3373 = DIRECTION('',(0.,-0.,1.));
#3374 = ADVANCED_FACE('',(#3375),#3386,.F.);
#3375 = FACE_BOUND('',#3376,.F.);
#3376 = EDGE_LOOP('',(#3377,#3378,#3384,#3385));
#3377 = ORIENTED_EDGE('',*,*,#1906,.T.);
#3378 = ORIENTED_EDGE('',*,*,#3379,.T.);
#3379 = EDGE_CURVE('',#1907,#2045,#3380,.T.);
#3380 = LINE('',#3381,#3382);
#3381 = CARTESIAN_POINT('',(14.48873684188,0.,20.831877729258));
#3382 = VECTOR('',#3383,1.);
#3383 = DIRECTION('',(-0.403747155536,0.707106781187,-0.580506877131));
#3384 = ORIENTED_EDGE('',*,*,#2044,.T.);
#3385 = ORIENTED_EDGE('',*,*,#543,.T.);
#3386 = CONICAL_SURFACE('',#3387,25.375,0.785398163397);
#3387 = AXIS2_PLACEMENT_3D('',#3388,#3389,#3390);
#3388 = CARTESIAN_POINT('',(8.2E-15,0.,-1.64E-15));
#3389 = DIRECTION('',(-0.,-1.,-0.));
#3390 = DIRECTION('',(0.,0.,-1.));
#3391 = ADVANCED_FACE('',(#3392),#3403,.F.);
#3392 = FACE_BOUND('',#3393,.T.);
#3393 = EDGE_LOOP('',(#3394,#3395,#3396,#3402));
#3394 = ORIENTED_EDGE('',*,*,#3363,.T.);
#3395 = ORIENTED_EDGE('',*,*,#1787,.F.);
#3396 = ORIENTED_EDGE('',*,*,#3397,.F.);
#3397 = EDGE_CURVE('',#2015,#1779,#3398,.T.);
#3398 = LINE('',#3399,#3400);
#3399 = CARTESIAN_POINT('',(-30.,0.25,26.5));
#3400 = VECTOR('',#3401,1.);
#3401 = DIRECTION('',(0.707106781187,-0.707106781187,0.));
#3402 = ORIENTED_EDGE('',*,*,#2014,.F.);
#3403 = PLANE('',#3404);
#3404 = AXIS2_PLACEMENT_3D('',#3405,#3406,#3407);
#3405 = CARTESIAN_POINT('',(-30.,0.25,-30.));
#3406 = DIRECTION('',(0.707106781187,0.707106781187,-0.));
#3407 = DIRECTION('',(0.,0.,1.));
#3408 = ADVANCED_FACE('',(#3409),#3420,.T.);
#3409 = FACE_BOUND('',#3410,.T.);
#3410 = EDGE_LOOP('',(#3411,#3412,#3413,#3419));
#3411 = ORIENTED_EDGE('',*,*,#3379,.T.);
#3412 = ORIENTED_EDGE('',*,*,#2822,.F.);
#3413 = ORIENTED_EDGE('',*,*,#3414,.F.);
#3414 = EDGE_CURVE('',#1916,#2340,#3415,.T.);
#3415 = LINE('',#3416,#3417);
#3416 = CARTESIAN_POINT('',(16.344437127047,0.,20.25));
#3417 = VECTOR('',#3418,1.);
#3418 = DIRECTION('',(0.,0.707106781187,-0.707106781187));
#3419 = ORIENTED_EDGE('',*,*,#1915,.F.);
#3420 = CONICAL_SURFACE('',#3421,3.25,0.785398163397);
#3421 = AXIS2_PLACEMENT_3D('',#3422,#3423,#3424);
#3422 = CARTESIAN_POINT('',(16.344437127047,0.,23.5));
#3423 = DIRECTION('',(0.,1.,0.));
#3424 = DIRECTION('',(0.,-0.,1.));
#3425 = ADVANCED_FACE('',(#3426),#3437,.T.);
#3426 = FACE_BOUND('',#3427,.T.);
#3427 = EDGE_LOOP('',(#3428,#3429,#3430,#3436));
#3428 = ORIENTED_EDGE('',*,*,#3397,.T.);
#3429 = ORIENTED_EDGE('',*,*,#1778,.F.);
#3430 = ORIENTED_EDGE('',*,*,#3431,.F.);
#3431 = EDGE_CURVE('',#1353,#1771,#3432,.T.);
#3432 = LINE('',#3433,#3434);
#3433 = CARTESIAN_POINT('',(-26.5,0.25,30.));
#3434 = VECTOR('',#3435,1.);
#3435 = DIRECTION('',(0.,-0.707106781187,-0.707106781187));
#3436 = ORIENTED_EDGE('',*,*,#2894,.F.);
#3437 = CONICAL_SURFACE('',#3438,3.25,0.785398163397);
#3438 = AXIS2_PLACEMENT_3D('',#3439,#3440,#3441);
#3439 = CARTESIAN_POINT('',(-26.5,0.,26.5));
#3440 = DIRECTION('',(0.,1.,0.));
#3441 = DIRECTION('',(0.,-0.,1.));
#3442 = ADVANCED_FACE('',(#3443),#3454,.F.);
#3443 = FACE_BOUND('',#3444,.T.);
#3444 = EDGE_LOOP('',(#3445,#3446,#3447,#3453));
#3445 = ORIENTED_EDGE('',*,*,#3414,.T.);
#3446 = ORIENTED_EDGE('',*,*,#2339,.F.);
#3447 = ORIENTED_EDGE('',*,*,#3448,.F.);
#3448 = EDGE_CURVE('',#1925,#2332,#3449,.T.);
#3449 = LINE('',#3450,#3451);
#3450 = CARTESIAN_POINT('',(25.550252531694,0.,20.25));
#3451 = VECTOR('',#3452,1.);
#3452 = DIRECTION('',(0.,0.707106781187,-0.707106781187));
#3453 = ORIENTED_EDGE('',*,*,#1924,.F.);
#3454 = PLANE('',#3455);
#3455 = AXIS2_PLACEMENT_3D('',#3456,#3457,#3458);
#3456 = CARTESIAN_POINT('',(-4.39E-15,0.,20.25));
#3457 = DIRECTION('',(-1.5E-16,0.707106781187,0.707106781187));
#3458 = DIRECTION('',(1.,-3.933982822018E-18,2.16066017178E-16));
#3459 = ADVANCED_FACE('',(#3460),#3471,.F.);
#3460 = FACE_BOUND('',#3461,.T.);
#3461 = EDGE_LOOP('',(#3462,#3463,#3464,#3470));
#3462 = ORIENTED_EDGE('',*,*,#3431,.T.);
#3463 = ORIENTED_EDGE('',*,*,#1770,.F.);
#3464 = ORIENTED_EDGE('',*,*,#3465,.F.);
#3465 = EDGE_CURVE('',#1361,#1762,#3466,.T.);
#3466 = LINE('',#3467,#3468);
#3467 = CARTESIAN_POINT('',(18.5,0.25,30.));
#3468 = VECTOR('',#3469,1.);
#3469 = DIRECTION('',(0.,-0.707106781187,-0.707106781187));
#3470 = ORIENTED_EDGE('',*,*,#1360,.F.);
#3471 = PLANE('',#3472);
#3472 = AXIS2_PLACEMENT_3D('',#3473,#3474,#3475);
#3473 = CARTESIAN_POINT('',(-30.,0.25,30.));
#3474 = DIRECTION('',(0.,0.707106781187,-0.707106781187));
#3475 = DIRECTION('',(1.,-0.,0.));
#3476 = ADVANCED_FACE('',(#3477),#3488,.T.);
#3477 = FACE_BOUND('',#3478,.T.);
#3478 = EDGE_LOOP('',(#3479,#3480,#3481,#3487));
#3479 = ORIENTED_EDGE('',*,*,#3448,.T.);
#3480 = ORIENTED_EDGE('',*,*,#2798,.F.);
#3481 = ORIENTED_EDGE('',*,*,#3482,.F.);
#3482 = EDGE_CURVE('',#1933,#2696,#3483,.T.);
#3483 = LINE('',#3484,#3485);
#3484 = CARTESIAN_POINT('',(27.84834957055,0.,21.201902961144));
#3485 = VECTOR('',#3486,1.);
#3486 = DIRECTION('',(0.5,0.707106781187,-0.5));
#3487 = ORIENTED_EDGE('',*,*,#1932,.F.);
#3488 = CONICAL_SURFACE('',#3489,3.25,0.785398163397);
#3489 = AXIS2_PLACEMENT_3D('',#3490,#3491,#3492);
#3490 = CARTESIAN_POINT('',(25.550252531694,0.,23.5));
#3491 = DIRECTION('',(0.,1.,0.));
#3492 = DIRECTION('',(0.,-0.,1.));
#3493 = ADVANCED_FACE('',(#3494),#3505,.F.);
#3494 = FACE_BOUND('',#3495,.F.);
#3495 = EDGE_LOOP('',(#3496,#3497,#3503,#3504));
#3496 = ORIENTED_EDGE('',*,*,#2877,.T.);
#3497 = ORIENTED_EDGE('',*,*,#3498,.T.);
#3498 = EDGE_CURVE('',#2192,#1754,#3499,.T.);
#3499 = LINE('',#3500,#3501);
#3500 = CARTESIAN_POINT('',(22.,0.25,33.5));
#3501 = VECTOR('',#3502,1.);
#3502 = DIRECTION('',(0.707106781187,-0.707106781187,0.));
#3503 = ORIENTED_EDGE('',*,*,#1761,.T.);
#3504 = ORIENTED_EDGE('',*,*,#3465,.F.);
#3505 = CONICAL_SURFACE('',#3506,3.75,0.785398163397);
#3506 = AXIS2_PLACEMENT_3D('',#3507,#3508,#3509);
#3507 = CARTESIAN_POINT('',(18.5,0.,33.5));
#3508 = DIRECTION('',(-0.,-1.,-0.));
#3509 = DIRECTION('',(0.,0.,-1.));
#3510 = ADVANCED_FACE('',(#3511),#3522,.F.);
#3511 = FACE_BOUND('',#3512,.T.);
#3512 = EDGE_LOOP('',(#3513,#3514,#3515,#3521));
#3513 = ORIENTED_EDGE('',*,*,#3482,.T.);
#3514 = ORIENTED_EDGE('',*,*,#2695,.F.);
#3515 = ORIENTED_EDGE('',*,*,#3516,.F.);
#3516 = EDGE_CURVE('',#1942,#2688,#3517,.T.);
#3517 = LINE('',#3518,#3519);
#3518 = CARTESIAN_POINT('',(30.798097038856,0.,24.15165042945));
#3519 = VECTOR('',#3520,1.);
#3520 = DIRECTION('',(0.5,0.707106781187,-0.5));
#3521 = ORIENTED_EDGE('',*,*,#1941,.F.);
#3522 = PLANE('',#3523);
#3523 = AXIS2_PLACEMENT_3D('',#3524,#3525,#3526);
#3524 = CARTESIAN_POINT('',(3.323223304703,0.,-3.323223304703));
#3525 = DIRECTION('',(-0.5,0.707106781187,0.5));
#3526 = DIRECTION('',(0.707106781187,-8.326672684683E-17,0.707106781187)
  );
#3527 = ADVANCED_FACE('',(#3528),#3539,.F.);
#3528 = FACE_BOUND('',#3529,.T.);
#3529 = EDGE_LOOP('',(#3530,#3531,#3532,#3538));
#3530 = ORIENTED_EDGE('',*,*,#3498,.T.);
#3531 = ORIENTED_EDGE('',*,*,#1753,.F.);
#3532 = ORIENTED_EDGE('',*,*,#3533,.F.);
#3533 = EDGE_CURVE('',#2200,#1745,#3534,.T.);
#3534 = LINE('',#3535,#3536);
#3535 = CARTESIAN_POINT('',(22.,0.25,54.5));
#3536 = VECTOR('',#3537,1.);
#3537 = DIRECTION('',(0.707106781187,-0.707106781187,0.));
#3538 = ORIENTED_EDGE('',*,*,#2199,.F.);
#3539 = PLANE('',#3540);
#3540 = AXIS2_PLACEMENT_3D('',#3541,#3542,#3543);
#3541 = CARTESIAN_POINT('',(22.,0.25,55.));
#3542 = DIRECTION('',(0.707106781187,0.707106781187,6.E-17));
#3543 = DIRECTION('',(-8.242640687119E-17,-2.426406871193E-18,1.));
#3544 = ADVANCED_FACE('',(#3545),#3556,.T.);
#3545 = FACE_BOUND('',#3546,.T.);
#3546 = EDGE_LOOP('',(#3547,#3548,#3549,#3555));
#3547 = ORIENTED_EDGE('',*,*,#3516,.T.);
#3548 = ORIENTED_EDGE('',*,*,#2774,.F.);
#3549 = ORIENTED_EDGE('',*,*,#3550,.F.);
#3550 = EDGE_CURVE('',#1718,#2300,#3551,.T.);
#3551 = LINE('',#3552,#3553);
#3552 = CARTESIAN_POINT('',(31.75,0.,26.449747468306));
#3553 = VECTOR('',#3554,1.);
#3554 = DIRECTION('',(0.707106781187,0.707106781187,0.));
#3555 = ORIENTED_EDGE('',*,*,#1949,.F.);
#3556 = CONICAL_SURFACE('',#3557,3.25,0.785398163397);
#3557 = AXIS2_PLACEMENT_3D('',#3558,#3559,#3560);
#3558 = CARTESIAN_POINT('',(28.5,0.,26.449747468306));
#3559 = DIRECTION('',(0.,1.,0.));
#3560 = DIRECTION('',(0.,-0.,1.));
#3561 = ADVANCED_FACE('',(#3562),#3573,.T.);
#3562 = FACE_BOUND('',#3563,.T.);
#3563 = EDGE_LOOP('',(#3564,#3565,#3566,#3572));
#3564 = ORIENTED_EDGE('',*,*,#3533,.T.);
#3565 = ORIENTED_EDGE('',*,*,#1744,.F.);
#3566 = ORIENTED_EDGE('',*,*,#3567,.F.);
#3567 = EDGE_CURVE('',#2232,#1737,#3568,.T.);
#3568 = LINE('',#3569,#3570);
#3569 = CARTESIAN_POINT('',(22.5,0.25,55.));
#3570 = VECTOR('',#3571,1.);
#3571 = DIRECTION('',(0.,-0.707106781187,-0.707106781187));
#3572 = ORIENTED_EDGE('',*,*,#2966,.F.);
#3573 = CONICAL_SURFACE('',#3574,0.25,0.785398163397);
#3574 = AXIS2_PLACEMENT_3D('',#3575,#3576,#3577);
#3575 = CARTESIAN_POINT('',(22.5,0.,54.5));
#3576 = DIRECTION('',(0.,1.,0.));
#3577 = DIRECTION('',(0.,-0.,1.));
#3578 = ADVANCED_FACE('',(#3579),#3590,.F.);
#3579 = FACE_BOUND('',#3580,.T.);
#3580 = EDGE_LOOP('',(#3581,#3582,#3583,#3589));
#3581 = ORIENTED_EDGE('',*,*,#3550,.T.);
#3582 = ORIENTED_EDGE('',*,*,#2299,.F.);
#3583 = ORIENTED_EDGE('',*,*,#3584,.F.);
#3584 = EDGE_CURVE('',#1720,#2292,#3585,.T.);
#3585 = LINE('',#3586,#3587);
#3586 = CARTESIAN_POINT('',(31.75,0.,54.5));
#3587 = VECTOR('',#3588,1.);
#3588 = DIRECTION('',(0.707106781187,0.707106781187,0.));
#3589 = ORIENTED_EDGE('',*,*,#1717,.F.);
#3590 = PLANE('',#3591);
#3591 = AXIS2_PLACEMENT_3D('',#3592,#3593,#3594);
#3592 = CARTESIAN_POINT('',(32.,0.25,55.));
#3593 = DIRECTION('',(-0.707106781187,0.707106781187,0.));
#3594 = DIRECTION('',(0.,0.,-1.));
#3595 = ADVANCED_FACE('',(#3596),#3607,.F.);
#3596 = FACE_BOUND('',#3597,.T.);
#3597 = EDGE_LOOP('',(#3598,#3599,#3600,#3606));
#3598 = ORIENTED_EDGE('',*,*,#3567,.T.);
#3599 = ORIENTED_EDGE('',*,*,#1736,.F.);
#3600 = ORIENTED_EDGE('',*,*,#3601,.F.);
#3601 = EDGE_CURVE('',#2240,#1728,#3602,.T.);
#3602 = LINE('',#3603,#3604);
#3603 = CARTESIAN_POINT('',(31.5,0.25,55.));
#3604 = VECTOR('',#3605,1.);
#3605 = DIRECTION('',(0.,-0.707106781187,-0.707106781187));
#3606 = ORIENTED_EDGE('',*,*,#2239,.F.);
#3607 = PLANE('',#3608);
#3608 = AXIS2_PLACEMENT_3D('',#3609,#3610,#3611);
#3609 = CARTESIAN_POINT('',(22.,0.25,55.));
#3610 = DIRECTION('',(0.,0.707106781187,-0.707106781187));
#3611 = DIRECTION('',(1.,-0.,0.));
#3612 = ADVANCED_FACE('',(#3613),#3619,.T.);
#3613 = FACE_BOUND('',#3614,.T.);
#3614 = EDGE_LOOP('',(#3615,#3616,#3617,#3618));
#3615 = ORIENTED_EDGE('',*,*,#3584,.T.);
#3616 = ORIENTED_EDGE('',*,*,#2990,.F.);
#3617 = ORIENTED_EDGE('',*,*,#3601,.T.);
#3618 = ORIENTED_EDGE('',*,*,#1727,.F.);
#3619 = CONICAL_SURFACE('',#3620,0.25,0.785398163397);
#3620 = AXIS2_PLACEMENT_3D('',#3621,#3622,#3623);
#3621 = CARTESIAN_POINT('',(31.5,0.,54.5));
#3622 = DIRECTION('',(0.,1.,0.));
#3623 = DIRECTION('',(0.,-0.,1.));
#3624 = ADVANCED_FACE('',(#3625),#3631,.F.);
#3625 = FACE_BOUND('',#3626,.F.);
#3626 = EDGE_LOOP('',(#3627,#3628,#3629,#3630));
#3627 = ORIENTED_EDGE('',*,*,#1959,.T.);
#3628 = ORIENTED_EDGE('',*,*,#482,.F.);
#3629 = ORIENTED_EDGE('',*,*,#2426,.T.);
#3630 = ORIENTED_EDGE('',*,*,#501,.T.);
#3631 = CONICAL_SURFACE('',#3632,2.1,0.785398163397);
#3632 = AXIS2_PLACEMENT_3D('',#3633,#3634,#3635);
#3633 = CARTESIAN_POINT('',(24.748737341529,0.25,-24.74873734152));
#3634 = DIRECTION('',(0.,-1.,0.));
#3635 = DIRECTION('',(0.,0.,-1.));
#3636 = ADVANCED_FACE('',(#3637),#3643,.F.);
#3637 = FACE_BOUND('',#3638,.F.);
#3638 = EDGE_LOOP('',(#3639,#3640,#3641,#3642));
#3639 = ORIENTED_EDGE('',*,*,#1969,.T.);
#3640 = ORIENTED_EDGE('',*,*,#440,.F.);
#3641 = ORIENTED_EDGE('',*,*,#2461,.T.);
#3642 = ORIENTED_EDGE('',*,*,#459,.T.);
#3643 = CONICAL_SURFACE('',#3644,2.1,0.785398163397);
#3644 = AXIS2_PLACEMENT_3D('',#3645,#3646,#3647);
#3645 = CARTESIAN_POINT('',(-24.74873734152,0.25,-24.74873734152));
#3646 = DIRECTION('',(0.,-1.,0.));
#3647 = DIRECTION('',(0.,0.,-1.));
#3648 = ADVANCED_FACE('',(#3649),#3655,.F.);
#3649 = FACE_BOUND('',#3650,.F.);
#3650 = EDGE_LOOP('',(#3651,#3652,#3653,#3654));
#3651 = ORIENTED_EDGE('',*,*,#1979,.T.);
#3652 = ORIENTED_EDGE('',*,*,#398,.F.);
#3653 = ORIENTED_EDGE('',*,*,#2496,.T.);
#3654 = ORIENTED_EDGE('',*,*,#417,.T.);
#3655 = CONICAL_SURFACE('',#3656,2.1,0.785398163397);
#3656 = AXIS2_PLACEMENT_3D('',#3657,#3658,#3659);
#3657 = CARTESIAN_POINT('',(-24.74873734152,0.25,24.748737341529));
#3658 = DIRECTION('',(0.,-1.,0.));
#3659 = DIRECTION('',(0.,0.,-1.));
#3660 = ADVANCED_FACE('',(#3661),#3667,.F.);
#3661 = FACE_BOUND('',#3662,.F.);
#3662 = EDGE_LOOP('',(#3663,#3664,#3665,#3666));
#3663 = ORIENTED_EDGE('',*,*,#1989,.T.);
#3664 = ORIENTED_EDGE('',*,*,#356,.F.);
#3665 = ORIENTED_EDGE('',*,*,#2531,.T.);
#3666 = ORIENTED_EDGE('',*,*,#375,.T.);
#3667 = CONICAL_SURFACE('',#3668,2.1,0.785398163397);
#3668 = AXIS2_PLACEMENT_3D('',#3669,#3670,#3671);
#3669 = CARTESIAN_POINT('',(24.748737341529,0.25,24.748737341529));
#3670 = DIRECTION('',(0.,-1.,0.));
#3671 = DIRECTION('',(0.,0.,-1.));
#3672 = ADVANCED_FACE('',(#3673),#3689,.T.);
#3673 = FACE_BOUND('',#3674,.T.);
#3674 = EDGE_LOOP('',(#3675,#3681,#3682,#3688));
#3675 = ORIENTED_EDGE('',*,*,#3676,.F.);
#3676 = EDGE_CURVE('',#2388,#1593,#3677,.T.);
#3677 = LINE('',#3678,#3679);
#3678 = CARTESIAN_POINT('',(25.550252531694,24.75,-20.));
#3679 = VECTOR('',#3680,1.);
#3680 = DIRECTION('',(0.,0.707106781187,-0.707106781187));
#3681 = ORIENTED_EDGE('',*,*,#2758,.F.);
#3682 = ORIENTED_EDGE('',*,*,#3683,.F.);
#3683 = EDGE_CURVE('',#1601,#2646,#3684,.T.);
#3684 = LINE('',#3685,#3686);
#3685 = CARTESIAN_POINT('',(27.84834957055,25.,-21.20190296114));
#3686 = VECTOR('',#3687,1.);
#3687 = DIRECTION('',(0.5,-0.707106781187,0.5));
#3688 = ORIENTED_EDGE('',*,*,#1600,.F.);
#3689 = CONICAL_SURFACE('',#3690,3.25,0.785398163397);
#3690 = AXIS2_PLACEMENT_3D('',#3691,#3692,#3693);
#3691 = CARTESIAN_POINT('',(25.550252531694,25.,-23.5));
#3692 = DIRECTION('',(0.,-1.,0.));
#3693 = DIRECTION('',(0.,0.,-1.));
#3694 = ADVANCED_FACE('',(#3695),#3706,.T.);
#3695 = FACE_BOUND('',#3696,.T.);
#3696 = EDGE_LOOP('',(#3697,#3698,#3699,#3705));
#3697 = ORIENTED_EDGE('',*,*,#3683,.T.);
#3698 = ORIENTED_EDGE('',*,*,#2671,.F.);
#3699 = ORIENTED_EDGE('',*,*,#3700,.F.);
#3700 = EDGE_CURVE('',#1610,#2664,#3701,.T.);
#3701 = LINE('',#3702,#3703);
#3702 = CARTESIAN_POINT('',(30.798097038856,25.,-24.15165042945));
#3703 = VECTOR('',#3704,1.);
#3704 = DIRECTION('',(0.5,-0.707106781187,0.5));
#3705 = ORIENTED_EDGE('',*,*,#1609,.F.);
#3706 = PLANE('',#3707);
#3707 = AXIS2_PLACEMENT_3D('',#3708,#3709,#3710);
#3708 = CARTESIAN_POINT('',(3.323223304703,25.,3.323223304703));
#3709 = DIRECTION('',(0.5,0.707106781187,0.5));
#3710 = DIRECTION('',(-0.707106781187,-2.775557561563E-17,0.707106781187
    ));
#3711 = ADVANCED_FACE('',(#3712),#3723,.T.);
#3712 = FACE_BOUND('',#3713,.T.);
#3713 = EDGE_LOOP('',(#3714,#3715,#3716,#3722));
#3714 = ORIENTED_EDGE('',*,*,#3676,.T.);
#3715 = ORIENTED_EDGE('',*,*,#1592,.F.);
#3716 = ORIENTED_EDGE('',*,*,#3717,.F.);
#3717 = EDGE_CURVE('',#2370,#1584,#3718,.T.);
#3718 = LINE('',#3719,#3720);
#3719 = CARTESIAN_POINT('',(16.344437127047,24.75,-20.));
#3720 = VECTOR('',#3721,1.);
#3721 = DIRECTION('',(0.,0.707106781187,-0.707106781187));
#3722 = ORIENTED_EDGE('',*,*,#2395,.F.);
#3723 = PLANE('',#3724);
#3724 = AXIS2_PLACEMENT_3D('',#3725,#3726,#3727);
#3725 = CARTESIAN_POINT('',(-1.388E-14,24.75,-20.));
#3726 = DIRECTION('',(1.5E-16,0.707106781187,0.707106781187));
#3727 = DIRECTION('',(1.,3.933982822018E-18,-2.16066017178E-16));
#3728 = ADVANCED_FACE('',(#3729),#3740,.T.);
#3729 = FACE_BOUND('',#3730,.T.);
#3730 = EDGE_LOOP('',(#3731,#3732,#3733,#3739));
#3731 = ORIENTED_EDGE('',*,*,#3700,.T.);
#3732 = ORIENTED_EDGE('',*,*,#2734,.F.);
#3733 = ORIENTED_EDGE('',*,*,#3734,.F.);
#3734 = EDGE_CURVE('',#1618,#1311,#3735,.T.);
#3735 = LINE('',#3736,#3737);
#3736 = CARTESIAN_POINT('',(31.75,25.,-26.4497474683));
#3737 = VECTOR('',#3738,1.);
#3738 = DIRECTION('',(0.707106781187,-0.707106781187,0.));
#3739 = ORIENTED_EDGE('',*,*,#1617,.F.);
#3740 = CONICAL_SURFACE('',#3741,3.25,0.785398163397);
#3741 = AXIS2_PLACEMENT_3D('',#3742,#3743,#3744);
#3742 = CARTESIAN_POINT('',(28.5,25.,-26.4497474683));
#3743 = DIRECTION('',(0.,-1.,0.));
#3744 = DIRECTION('',(0.,0.,-1.));
#3745 = ADVANCED_FACE('',(#3746),#3757,.T.);
#3746 = FACE_BOUND('',#3747,.T.);
#3747 = EDGE_LOOP('',(#3748,#3749,#3750,#3756));
#3748 = ORIENTED_EDGE('',*,*,#3717,.T.);
#3749 = ORIENTED_EDGE('',*,*,#1583,.F.);
#3750 = ORIENTED_EDGE('',*,*,#3751,.F.);
#3751 = EDGE_CURVE('',#1266,#1575,#3752,.T.);
#3752 = LINE('',#3753,#3754);
#3753 = CARTESIAN_POINT('',(14.345990666098,24.75,-20.62663755458));
#3754 = VECTOR('',#3755,1.);
#3755 = DIRECTION('',(0.403747155536,0.707106781187,-0.580506877131));
#3756 = ORIENTED_EDGE('',*,*,#2854,.F.);
#3757 = CONICAL_SURFACE('',#3758,3.25,0.785398163397);
#3758 = AXIS2_PLACEMENT_3D('',#3759,#3760,#3761);
#3759 = CARTESIAN_POINT('',(16.344437127047,25.,-23.5));
#3760 = DIRECTION('',(0.,-1.,0.));
#3761 = DIRECTION('',(0.,0.,-1.));
#3762 = ADVANCED_FACE('',(#3763),#3774,.T.);
#3763 = FACE_BOUND('',#3764,.T.);
#3764 = EDGE_LOOP('',(#3765,#3766,#3767,#3773));
#3765 = ORIENTED_EDGE('',*,*,#3734,.T.);
#3766 = ORIENTED_EDGE('',*,*,#1336,.F.);
#3767 = ORIENTED_EDGE('',*,*,#3768,.F.);
#3768 = EDGE_CURVE('',#1627,#1329,#3769,.T.);
#3769 = LINE('',#3770,#3771);
#3770 = CARTESIAN_POINT('',(31.75,25.,-54.5));
#3771 = VECTOR('',#3772,1.);
#3772 = DIRECTION('',(0.707106781187,-0.707106781187,0.));
#3773 = ORIENTED_EDGE('',*,*,#1626,.F.);
#3774 = PLANE('',#3775);
#3775 = AXIS2_PLACEMENT_3D('',#3776,#3777,#3778);
#3776 = CARTESIAN_POINT('',(31.75,25.,0.));
#3777 = DIRECTION('',(0.707106781187,0.707106781187,0.));
#3778 = DIRECTION('',(0.,-0.,1.));
#3779 = ADVANCED_FACE('',(#3780),#3786,.F.);
#3780 = FACE_BOUND('',#3781,.F.);
#3781 = EDGE_LOOP('',(#3782,#3783,#3784,#3785));
#3782 = ORIENTED_EDGE('',*,*,#1574,.T.);
#3783 = ORIENTED_EDGE('',*,*,#3751,.F.);
#3784 = ORIENTED_EDGE('',*,*,#1275,.T.);
#3785 = ORIENTED_EDGE('',*,*,#300,.T.);
#3786 = CONICAL_SURFACE('',#3787,25.125,0.785398163397);
#3787 = AXIS2_PLACEMENT_3D('',#3788,#3789,#3790);
#3788 = CARTESIAN_POINT('',(8.2E-15,24.75,-1.64E-15));
#3789 = DIRECTION('',(0.,1.,0.));
#3790 = DIRECTION('',(0.,-0.,1.));
#3791 = ADVANCED_FACE('',(#3792),#3803,.T.);
#3792 = FACE_BOUND('',#3793,.T.);
#3793 = EDGE_LOOP('',(#3794,#3795,#3796,#3802));
#3794 = ORIENTED_EDGE('',*,*,#3768,.T.);
#3795 = ORIENTED_EDGE('',*,*,#3022,.F.);
#3796 = ORIENTED_EDGE('',*,*,#3797,.F.);
#3797 = EDGE_CURVE('',#1635,#2130,#3798,.T.);
#3798 = LINE('',#3799,#3800);
#3799 = CARTESIAN_POINT('',(31.5,25.,-54.75));
#3800 = VECTOR('',#3801,1.);
#3801 = DIRECTION('',(0.,-0.707106781187,-0.707106781187));
#3802 = ORIENTED_EDGE('',*,*,#1634,.F.);
#3803 = CONICAL_SURFACE('',#3804,0.25,0.785398163397);
#3804 = AXIS2_PLACEMENT_3D('',#3805,#3806,#3807);
#3805 = CARTESIAN_POINT('',(31.5,25.,-54.5));
#3806 = DIRECTION('',(0.,-1.,0.));
#3807 = DIRECTION('',(0.,0.,-1.));
#3808 = ADVANCED_FACE('',(#3809),#3820,.T.);
#3809 = FACE_BOUND('',#3810,.T.);
#3810 = EDGE_LOOP('',(#3811,#3812,#3813,#3819));
#3811 = ORIENTED_EDGE('',*,*,#323,.T.);
#3812 = ORIENTED_EDGE('',*,*,#1565,.F.);
#3813 = ORIENTED_EDGE('',*,*,#3814,.F.);
#3814 = EDGE_CURVE('',#2348,#1558,#3815,.T.);
#3815 = LINE('',#3816,#3817);
#3816 = CARTESIAN_POINT('',(16.344437127047,24.75,20.));
#3817 = VECTOR('',#3818,1.);
#3818 = DIRECTION('',(0.,0.707106781187,0.707106781187));
#3819 = ORIENTED_EDGE('',*,*,#2830,.F.);
#3820 = CONICAL_SURFACE('',#3821,3.25,0.785398163397);
#3821 = AXIS2_PLACEMENT_3D('',#3822,#3823,#3824);
#3822 = CARTESIAN_POINT('',(16.344437127047,25.,23.5));
#3823 = DIRECTION('',(0.,-1.,0.));
#3824 = DIRECTION('',(0.,0.,-1.));
#3825 = ADVANCED_FACE('',(#3826),#3837,.T.);
#3826 = FACE_BOUND('',#3827,.T.);
#3827 = EDGE_LOOP('',(#3828,#3829,#3830,#3836));
#3828 = ORIENTED_EDGE('',*,*,#3797,.T.);
#3829 = ORIENTED_EDGE('',*,*,#2155,.F.);
#3830 = ORIENTED_EDGE('',*,*,#3831,.F.);
#3831 = EDGE_CURVE('',#1644,#2148,#3832,.T.);
#3832 = LINE('',#3833,#3834);
#3833 = CARTESIAN_POINT('',(22.5,25.,-54.75));
#3834 = VECTOR('',#3835,1.);
#3835 = DIRECTION('',(0.,-0.707106781187,-0.707106781187));
#3836 = ORIENTED_EDGE('',*,*,#1643,.F.);
#3837 = PLANE('',#3838);
#3838 = AXIS2_PLACEMENT_3D('',#3839,#3840,#3841);
#3839 = CARTESIAN_POINT('',(0.,25.,-54.75));
#3840 = DIRECTION('',(0.,0.707106781187,-0.707106781187));
#3841 = DIRECTION('',(1.,0.,0.));
#3842 = ADVANCED_FACE('',(#3843),#3854,.T.);
#3843 = FACE_BOUND('',#3844,.T.);
#3844 = EDGE_LOOP('',(#3845,#3846,#3847,#3853));
#3845 = ORIENTED_EDGE('',*,*,#3814,.T.);
#3846 = ORIENTED_EDGE('',*,*,#1557,.F.);
#3847 = ORIENTED_EDGE('',*,*,#3848,.F.);
#3848 = EDGE_CURVE('',#2330,#1549,#3849,.T.);
#3849 = LINE('',#3850,#3851);
#3850 = CARTESIAN_POINT('',(25.550252531694,24.75,20.));
#3851 = VECTOR('',#3852,1.);
#3852 = DIRECTION('',(0.,0.707106781187,0.707106781187));
#3853 = ORIENTED_EDGE('',*,*,#2355,.F.);
#3854 = PLANE('',#3855);
#3855 = AXIS2_PLACEMENT_3D('',#3856,#3857,#3858);
#3856 = CARTESIAN_POINT('',(-1.388E-14,24.75,20.));
#3857 = DIRECTION('',(1.5E-16,0.707106781187,-0.707106781187));
#3858 = DIRECTION('',(-1.,-3.933982822018E-18,-2.16066017178E-16));
#3859 = ADVANCED_FACE('',(#3860),#3871,.T.);
#3860 = FACE_BOUND('',#3861,.T.);
#3861 = EDGE_LOOP('',(#3862,#3863,#3864,#3870));
#3862 = ORIENTED_EDGE('',*,*,#3831,.T.);
#3863 = ORIENTED_EDGE('',*,*,#3046,.F.);
#3864 = ORIENTED_EDGE('',*,*,#3865,.F.);
#3865 = EDGE_CURVE('',#1652,#2090,#3866,.T.);
#3866 = LINE('',#3867,#3868);
#3867 = CARTESIAN_POINT('',(22.25,25.,-54.5));
#3868 = VECTOR('',#3869,1.);
#3869 = DIRECTION('',(-0.707106781187,-0.707106781187,0.));
#3870 = ORIENTED_EDGE('',*,*,#1651,.F.);
#3871 = CONICAL_SURFACE('',#3872,0.25,0.785398163397);
#3872 = AXIS2_PLACEMENT_3D('',#3873,#3874,#3875);
#3873 = CARTESIAN_POINT('',(22.5,25.,-54.5));
#3874 = DIRECTION('',(0.,-1.,0.));
#3875 = DIRECTION('',(0.,0.,-1.));
#3876 = ADVANCED_FACE('',(#3877),#3888,.T.);
#3877 = FACE_BOUND('',#3878,.T.);
#3878 = EDGE_LOOP('',(#3879,#3880,#3881,#3887));
#3879 = ORIENTED_EDGE('',*,*,#3848,.T.);
#3880 = ORIENTED_EDGE('',*,*,#1548,.F.);
#3881 = ORIENTED_EDGE('',*,*,#3882,.F.);
#3882 = EDGE_CURVE('',#2704,#1541,#3883,.T.);
#3883 = LINE('',#3884,#3885);
#3884 = CARTESIAN_POINT('',(28.025126265847,24.75,21.025126265847));
#3885 = VECTOR('',#3886,1.);
#3886 = DIRECTION('',(-0.5,0.707106781187,0.5));
#3887 = ORIENTED_EDGE('',*,*,#2806,.F.);
#3888 = CONICAL_SURFACE('',#3889,3.25,0.785398163397);
#3889 = AXIS2_PLACEMENT_3D('',#3890,#3891,#3892);
#3890 = CARTESIAN_POINT('',(25.550252531694,25.,23.5));
#3891 = DIRECTION('',(0.,-1.,0.));
#3892 = DIRECTION('',(0.,0.,-1.));
#3893 = ADVANCED_FACE('',(#3894),#3905,.T.);
#3894 = FACE_BOUND('',#3895,.T.);
#3895 = EDGE_LOOP('',(#3896,#3897,#3898,#3904));
#3896 = ORIENTED_EDGE('',*,*,#3865,.T.);
#3897 = ORIENTED_EDGE('',*,*,#2115,.F.);
#3898 = ORIENTED_EDGE('',*,*,#3899,.F.);
#3899 = EDGE_CURVE('',#1661,#2108,#3900,.T.);
#3900 = LINE('',#3901,#3902);
#3901 = CARTESIAN_POINT('',(22.25,25.,-33.5));
#3902 = VECTOR('',#3903,1.);
#3903 = DIRECTION('',(-0.707106781187,-0.707106781187,0.));
#3904 = ORIENTED_EDGE('',*,*,#1660,.F.);
#3905 = PLANE('',#3906);
#3906 = AXIS2_PLACEMENT_3D('',#3907,#3908,#3909);
#3907 = CARTESIAN_POINT('',(22.25,25.,-1.8E-15));
#3908 = DIRECTION('',(-0.707106781187,0.707106781187,6.E-17));
#3909 = DIRECTION('',(-8.242640687119E-17,2.426406871193E-18,-1.));
#3910 = ADVANCED_FACE('',(#3911),#3922,.T.);
#3911 = FACE_BOUND('',#3912,.T.);
#3912 = EDGE_LOOP('',(#3913,#3914,#3915,#3921));
#3913 = ORIENTED_EDGE('',*,*,#3882,.T.);
#3914 = ORIENTED_EDGE('',*,*,#1540,.F.);
#3915 = ORIENTED_EDGE('',*,*,#3916,.F.);
#3916 = EDGE_CURVE('',#2686,#1532,#3917,.T.);
#3917 = LINE('',#3918,#3919);
#3918 = CARTESIAN_POINT('',(30.974873734153,24.75,23.974873734153));
#3919 = VECTOR('',#3920,1.);
#3920 = DIRECTION('',(-0.5,0.707106781187,0.5));
#3921 = ORIENTED_EDGE('',*,*,#2711,.F.);
#3922 = PLANE('',#3923);
#3923 = AXIS2_PLACEMENT_3D('',#3924,#3925,#3926);
#3924 = CARTESIAN_POINT('',(3.323223304703,25.,-3.323223304703));
#3925 = DIRECTION('',(0.5,0.707106781187,-0.5));
#3926 = DIRECTION('',(0.707106781187,8.326672684683E-17,0.707106781187)
  );
#3927 = ADVANCED_FACE('',(#3928),#3939,.F.);
#3928 = FACE_BOUND('',#3929,.F.);
#3929 = EDGE_LOOP('',(#3930,#3931,#3937,#3938));
#3930 = ORIENTED_EDGE('',*,*,#1668,.T.);
#3931 = ORIENTED_EDGE('',*,*,#3932,.T.);
#3932 = EDGE_CURVE('',#1669,#1391,#3933,.T.);
#3933 = LINE('',#3934,#3935);
#3934 = CARTESIAN_POINT('',(18.5,25.,-29.75));
#3935 = VECTOR('',#3936,1.);
#3936 = DIRECTION('',(0.,-0.707106781187,-0.707106781187));
#3937 = ORIENTED_EDGE('',*,*,#2941,.T.);
#3938 = ORIENTED_EDGE('',*,*,#3899,.F.);
#3939 = CONICAL_SURFACE('',#3940,3.75,0.785398163397);
#3940 = AXIS2_PLACEMENT_3D('',#3941,#3942,#3943);
#3941 = CARTESIAN_POINT('',(18.5,25.,-33.5));
#3942 = DIRECTION('',(-0.,1.,-0.));
#3943 = DIRECTION('',(0.,0.,1.));
#3944 = ADVANCED_FACE('',(#3945),#3956,.T.);
#3945 = FACE_BOUND('',#3946,.T.);
#3946 = EDGE_LOOP('',(#3947,#3948,#3949,#3955));
#3947 = ORIENTED_EDGE('',*,*,#3916,.T.);
#3948 = ORIENTED_EDGE('',*,*,#1531,.F.);
#3949 = ORIENTED_EDGE('',*,*,#3950,.F.);
#3950 = EDGE_CURVE('',#2308,#1524,#3951,.T.);
#3951 = LINE('',#3952,#3953);
#3952 = CARTESIAN_POINT('',(32.,24.75,26.449747468306));
#3953 = VECTOR('',#3954,1.);
#3954 = DIRECTION('',(-0.707106781187,0.707106781187,0.));
#3955 = ORIENTED_EDGE('',*,*,#2782,.F.);
#3956 = CONICAL_SURFACE('',#3957,3.25,0.785398163397);
#3957 = AXIS2_PLACEMENT_3D('',#3958,#3959,#3960);
#3958 = CARTESIAN_POINT('',(28.5,25.,26.449747468306));
#3959 = DIRECTION('',(0.,-1.,0.));
#3960 = DIRECTION('',(0.,0.,-1.));
#3961 = ADVANCED_FACE('',(#3962),#3973,.T.);
#3962 = FACE_BOUND('',#3963,.T.);
#3963 = EDGE_LOOP('',(#3964,#3965,#3966,#3972));
#3964 = ORIENTED_EDGE('',*,*,#3932,.T.);
#3965 = ORIENTED_EDGE('',*,*,#1416,.F.);
#3966 = ORIENTED_EDGE('',*,*,#3967,.F.);
#3967 = EDGE_CURVE('',#1678,#1409,#3968,.T.);
#3968 = LINE('',#3969,#3970);
#3969 = CARTESIAN_POINT('',(-26.5,25.,-29.75));
#3970 = VECTOR('',#3971,1.);
#3971 = DIRECTION('',(0.,-0.707106781187,-0.707106781187));
#3972 = ORIENTED_EDGE('',*,*,#1677,.F.);
#3973 = PLANE('',#3974);
#3974 = AXIS2_PLACEMENT_3D('',#3975,#3976,#3977);
#3975 = CARTESIAN_POINT('',(0.,25.,-29.75));
#3976 = DIRECTION('',(0.,0.707106781187,-0.707106781187));
#3977 = DIRECTION('',(1.,0.,0.));
#3978 = ADVANCED_FACE('',(#3979),#3990,.T.);
#3979 = FACE_BOUND('',#3980,.T.);
#3980 = EDGE_LOOP('',(#3981,#3982,#3983,#3989));
#3981 = ORIENTED_EDGE('',*,*,#3950,.T.);
#3982 = ORIENTED_EDGE('',*,*,#1523,.F.);
#3983 = ORIENTED_EDGE('',*,*,#3984,.F.);
#3984 = EDGE_CURVE('',#2290,#1515,#3985,.T.);
#3985 = LINE('',#3986,#3987);
#3986 = CARTESIAN_POINT('',(32.,24.75,54.5));
#3987 = VECTOR('',#3988,1.);
#3988 = DIRECTION('',(-0.707106781187,0.707106781187,0.));
#3989 = ORIENTED_EDGE('',*,*,#2315,.F.);
#3990 = PLANE('',#3991);
#3991 = AXIS2_PLACEMENT_3D('',#3992,#3993,#3994);
#3992 = CARTESIAN_POINT('',(31.75,25.,0.));
#3993 = DIRECTION('',(0.707106781187,0.707106781187,0.));
#3994 = DIRECTION('',(0.,-0.,1.));
#3995 = ADVANCED_FACE('',(#3996),#4007,.T.);
#3996 = FACE_BOUND('',#3997,.T.);
#3997 = EDGE_LOOP('',(#3998,#3999,#4000,#4006));
#3998 = ORIENTED_EDGE('',*,*,#3967,.T.);
#3999 = ORIENTED_EDGE('',*,*,#2926,.F.);
#4000 = ORIENTED_EDGE('',*,*,#4001,.F.);
#4001 = EDGE_CURVE('',#1686,#2005,#4002,.T.);
#4002 = LINE('',#4003,#4004);
#4003 = CARTESIAN_POINT('',(-29.75,25.,-26.5));
#4004 = VECTOR('',#4005,1.);
#4005 = DIRECTION('',(-0.707106781187,-0.707106781187,0.));
#4006 = ORIENTED_EDGE('',*,*,#1685,.F.);
#4007 = CONICAL_SURFACE('',#4008,3.25,0.785398163397);
#4008 = AXIS2_PLACEMENT_3D('',#4009,#4010,#4011);
#4009 = CARTESIAN_POINT('',(-26.5,25.,-26.5));
#4010 = DIRECTION('',(0.,-1.,0.));
#4011 = DIRECTION('',(0.,0.,-1.));
#4012 = ADVANCED_FACE('',(#4013),#4024,.T.);
#4013 = FACE_BOUND('',#4014,.T.);
#4014 = EDGE_LOOP('',(#4015,#4016,#4017,#4023));
#4015 = ORIENTED_EDGE('',*,*,#3984,.T.);
#4016 = ORIENTED_EDGE('',*,*,#1514,.F.);
#4017 = ORIENTED_EDGE('',*,*,#4018,.F.);
#4018 = EDGE_CURVE('',#2248,#1507,#4019,.T.);
#4019 = LINE('',#4020,#4021);
#4020 = CARTESIAN_POINT('',(31.5,24.75,55.));
#4021 = VECTOR('',#4022,1.);
#4022 = DIRECTION('',(0.,0.707106781187,-0.707106781187));
#4023 = ORIENTED_EDGE('',*,*,#2998,.F.);
#4024 = CONICAL_SURFACE('',#4025,0.25,0.785398163397);
#4025 = AXIS2_PLACEMENT_3D('',#4026,#4027,#4028);
#4026 = CARTESIAN_POINT('',(31.5,25.,54.5));
#4027 = DIRECTION('',(0.,-1.,0.));
#4028 = DIRECTION('',(0.,0.,-1.));
#4029 = ADVANCED_FACE('',(#4030),#4041,.T.);
#4030 = FACE_BOUND('',#4031,.T.);
#4031 = EDGE_LOOP('',(#4032,#4033,#4034,#4040));
#4032 = ORIENTED_EDGE('',*,*,#4001,.T.);
#4033 = ORIENTED_EDGE('',*,*,#2030,.F.);
#4034 = ORIENTED_EDGE('',*,*,#4035,.F.);
#4035 = EDGE_CURVE('',#1695,#2023,#4036,.T.);
#4036 = LINE('',#4037,#4038);
#4037 = CARTESIAN_POINT('',(-29.75,25.,26.5));
#4038 = VECTOR('',#4039,1.);
#4039 = DIRECTION('',(-0.707106781187,-0.707106781187,0.));
#4040 = ORIENTED_EDGE('',*,*,#1694,.F.);
#4041 = PLANE('',#4042);
#4042 = AXIS2_PLACEMENT_3D('',#4043,#4044,#4045);
#4043 = CARTESIAN_POINT('',(-29.75,25.,0.));
#4044 = DIRECTION('',(-0.707106781187,0.707106781187,0.));
#4045 = DIRECTION('',(0.,0.,-1.));
#4046 = ADVANCED_FACE('',(#4047),#4058,.T.);
#4047 = FACE_BOUND('',#4048,.T.);
#4048 = EDGE_LOOP('',(#4049,#4050,#4051,#4057));
#4049 = ORIENTED_EDGE('',*,*,#4018,.T.);
#4050 = ORIENTED_EDGE('',*,*,#1506,.F.);
#4051 = ORIENTED_EDGE('',*,*,#4052,.F.);
#4052 = EDGE_CURVE('',#2230,#1498,#4053,.T.);
#4053 = LINE('',#4054,#4055);
#4054 = CARTESIAN_POINT('',(22.5,24.75,55.));
#4055 = VECTOR('',#4056,1.);
#4056 = DIRECTION('',(0.,0.707106781187,-0.707106781187));
#4057 = ORIENTED_EDGE('',*,*,#2255,.F.);
#4058 = PLANE('',#4059);
#4059 = AXIS2_PLACEMENT_3D('',#4060,#4061,#4062);
#4060 = CARTESIAN_POINT('',(0.,25.,54.75));
#4061 = DIRECTION('',(0.,0.707106781187,0.707106781187));
#4062 = DIRECTION('',(-1.,0.,0.));
#4063 = ADVANCED_FACE('',(#4064),#4075,.T.);
#4064 = FACE_BOUND('',#4065,.T.);
#4065 = EDGE_LOOP('',(#4066,#4067,#4068,#4074));
#4066 = ORIENTED_EDGE('',*,*,#4035,.T.);
#4067 = ORIENTED_EDGE('',*,*,#2902,.F.);
#4068 = ORIENTED_EDGE('',*,*,#4069,.F.);
#4069 = EDGE_CURVE('',#1471,#1351,#4070,.T.);
#4070 = LINE('',#4071,#4072);
#4071 = CARTESIAN_POINT('',(-26.5,25.,29.75));
#4072 = VECTOR('',#4073,1.);
#4073 = DIRECTION('',(0.,-0.707106781187,0.707106781187));
#4074 = ORIENTED_EDGE('',*,*,#1702,.F.);
#4075 = CONICAL_SURFACE('',#4076,3.25,0.785398163397);
#4076 = AXIS2_PLACEMENT_3D('',#4077,#4078,#4079);
#4077 = CARTESIAN_POINT('',(-26.5,25.,26.5));
#4078 = DIRECTION('',(0.,-1.,0.));
#4079 = DIRECTION('',(0.,0.,-1.));
#4080 = ADVANCED_FACE('',(#4081),#4092,.T.);
#4081 = FACE_BOUND('',#4082,.T.);
#4082 = EDGE_LOOP('',(#4083,#4084,#4085,#4091));
#4083 = ORIENTED_EDGE('',*,*,#4052,.T.);
#4084 = ORIENTED_EDGE('',*,*,#1497,.F.);
#4085 = ORIENTED_EDGE('',*,*,#4086,.F.);
#4086 = EDGE_CURVE('',#2208,#1490,#4087,.T.);
#4087 = LINE('',#4088,#4089);
#4088 = CARTESIAN_POINT('',(22.,24.75,54.5));
#4089 = VECTOR('',#4090,1.);
#4090 = DIRECTION('',(0.707106781187,0.707106781187,0.));
#4091 = ORIENTED_EDGE('',*,*,#2974,.F.);
#4092 = CONICAL_SURFACE('',#4093,0.25,0.785398163397);
#4093 = AXIS2_PLACEMENT_3D('',#4094,#4095,#4096);
#4094 = CARTESIAN_POINT('',(22.5,25.,54.5));
#4095 = DIRECTION('',(0.,-1.,0.));
#4096 = DIRECTION('',(0.,0.,-1.));
#4097 = ADVANCED_FACE('',(#4098),#4109,.T.);
#4098 = FACE_BOUND('',#4099,.T.);
#4099 = EDGE_LOOP('',(#4100,#4101,#4102,#4108));
#4100 = ORIENTED_EDGE('',*,*,#4069,.T.);
#4101 = ORIENTED_EDGE('',*,*,#1376,.F.);
#4102 = ORIENTED_EDGE('',*,*,#4103,.F.);
#4103 = EDGE_CURVE('',#1473,#1369,#4104,.T.);
#4104 = LINE('',#4105,#4106);
#4105 = CARTESIAN_POINT('',(18.5,25.,29.75));
#4106 = VECTOR('',#4107,1.);
#4107 = DIRECTION('',(0.,-0.707106781187,0.707106781187));
#4108 = ORIENTED_EDGE('',*,*,#1470,.F.);
#4109 = PLANE('',#4110);
#4110 = AXIS2_PLACEMENT_3D('',#4111,#4112,#4113);
#4111 = CARTESIAN_POINT('',(0.,25.,29.75));
#4112 = DIRECTION('',(0.,0.707106781187,0.707106781187));
#4113 = DIRECTION('',(-1.,0.,0.));
#4114 = ADVANCED_FACE('',(#4115),#4126,.T.);
#4115 = FACE_BOUND('',#4116,.T.);
#4116 = EDGE_LOOP('',(#4117,#4118,#4119,#4125));
#4117 = ORIENTED_EDGE('',*,*,#4086,.T.);
#4118 = ORIENTED_EDGE('',*,*,#1489,.F.);
#4119 = ORIENTED_EDGE('',*,*,#4120,.F.);
#4120 = EDGE_CURVE('',#2190,#1481,#4121,.T.);
#4121 = LINE('',#4122,#4123);
#4122 = CARTESIAN_POINT('',(22.,24.75,33.5));
#4123 = VECTOR('',#4124,1.);
#4124 = DIRECTION('',(0.707106781187,0.707106781187,0.));
#4125 = ORIENTED_EDGE('',*,*,#2215,.F.);
#4126 = PLANE('',#4127);
#4127 = AXIS2_PLACEMENT_3D('',#4128,#4129,#4130);
#4128 = CARTESIAN_POINT('',(22.25,25.,1.8E-15));
#4129 = DIRECTION('',(-0.707106781187,0.707106781187,-6.E-17));
#4130 = DIRECTION('',(8.242640687119E-17,-2.426406871193E-18,-1.));
#4131 = ADVANCED_FACE('',(#4132),#4138,.F.);
#4132 = FACE_BOUND('',#4133,.F.);
#4133 = EDGE_LOOP('',(#4134,#4135,#4136,#4137));
#4134 = ORIENTED_EDGE('',*,*,#1480,.T.);
#4135 = ORIENTED_EDGE('',*,*,#4120,.F.);
#4136 = ORIENTED_EDGE('',*,*,#2869,.T.);
#4137 = ORIENTED_EDGE('',*,*,#4103,.F.);
#4138 = CONICAL_SURFACE('',#4139,3.75,0.785398163397);
#4139 = AXIS2_PLACEMENT_3D('',#4140,#4141,#4142);
#4140 = CARTESIAN_POINT('',(18.5,25.,33.5));
#4141 = DIRECTION('',(-0.,1.,-0.));
#4142 = DIRECTION('',(0.,0.,1.));
#4143 = ADVANCED_FACE('',(#4144),#4155,.F.);
#4144 = FACE_BOUND('',#4145,.F.);
#4145 = EDGE_LOOP('',(#4146,#4153,#4154));
#4146 = ORIENTED_EDGE('',*,*,#4147,.F.);
#4147 = EDGE_CURVE('',#217,#236,#4148,.T.);
#4148 = CIRCLE('',#4149,1.65);
#4149 = AXIS2_PLACEMENT_3D('',#4150,#4151,#4152);
#4150 = CARTESIAN_POINT('',(-24.74873734153,15.891420021395,
    -24.74873734153));
#4151 = DIRECTION('',(-0.,1.,0.));
#4152 = DIRECTION('',(0.,0.,1.));
#4153 = ORIENTED_EDGE('',*,*,#267,.F.);
#4154 = ORIENTED_EDGE('',*,*,#259,.T.);
#4155 = CONICAL_SURFACE('',#4156,1.65,1.029744258677);
#4156 = AXIS2_PLACEMENT_3D('',#4157,#4158,#4159);
#4157 = CARTESIAN_POINT('',(-24.74873734153,15.891420021395,
    -24.74873734153));
#4158 = DIRECTION('',(-0.,1.,-0.));
#4159 = DIRECTION('',(0.,0.,1.));
#4160 = ADVANCED_FACE('',(#4161),#4167,.F.);
#4161 = FACE_BOUND('',#4162,.F.);
#4162 = EDGE_LOOP('',(#4163,#4164,#4165,#4166));
#4163 = ORIENTED_EDGE('',*,*,#1460,.F.);
#4164 = ORIENTED_EDGE('',*,*,#216,.F.);
#4165 = ORIENTED_EDGE('',*,*,#4147,.T.);
#4166 = ORIENTED_EDGE('',*,*,#235,.T.);
#4167 = CYLINDRICAL_SURFACE('',#4168,1.65);
#4168 = AXIS2_PLACEMENT_3D('',#4169,#4170,#4171);
#4169 = CARTESIAN_POINT('',(-24.74873734153,25.,-24.74873734153));
#4170 = DIRECTION('',(-0.,1.,-0.));
#4171 = DIRECTION('',(0.,0.,1.));
#4172 = ADVANCED_FACE('',(#4173),#4184,.F.);
#4173 = FACE_BOUND('',#4174,.F.);
#4174 = EDGE_LOOP('',(#4175,#4182,#4183));
#4175 = ORIENTED_EDGE('',*,*,#4176,.F.);
#4176 = EDGE_CURVE('',#152,#171,#4177,.T.);
#4177 = CIRCLE('',#4178,1.65);
#4178 = AXIS2_PLACEMENT_3D('',#4179,#4180,#4181);
#4179 = CARTESIAN_POINT('',(-24.74873734153,15.891420021395,
    24.74873734153));
#4180 = DIRECTION('',(-0.,1.,0.));
#4181 = DIRECTION('',(0.,0.,1.));
#4182 = ORIENTED_EDGE('',*,*,#202,.F.);
#4183 = ORIENTED_EDGE('',*,*,#194,.T.);
#4184 = CONICAL_SURFACE('',#4185,1.65,1.029744258677);
#4185 = AXIS2_PLACEMENT_3D('',#4186,#4187,#4188);
#4186 = CARTESIAN_POINT('',(-24.74873734153,15.891420021395,
    24.74873734153));
#4187 = DIRECTION('',(-0.,1.,-0.));
#4188 = DIRECTION('',(0.,0.,1.));
#4189 = ADVANCED_FACE('',(#4190),#4196,.F.);
#4190 = FACE_BOUND('',#4191,.F.);
#4191 = EDGE_LOOP('',(#4192,#4193,#4194,#4195));
#4192 = ORIENTED_EDGE('',*,*,#1450,.F.);
#4193 = ORIENTED_EDGE('',*,*,#151,.F.);
#4194 = ORIENTED_EDGE('',*,*,#4176,.T.);
#4195 = ORIENTED_EDGE('',*,*,#170,.T.);
#4196 = CYLINDRICAL_SURFACE('',#4197,1.65);
#4197 = AXIS2_PLACEMENT_3D('',#4198,#4199,#4200);
#4198 = CARTESIAN_POINT('',(-24.74873734153,25.,24.74873734153));
#4199 = DIRECTION('',(-0.,1.,-0.));
#4200 = DIRECTION('',(0.,0.,1.));
#4201 = ADVANCED_FACE('',(#4202),#4213,.F.);
#4202 = FACE_BOUND('',#4203,.F.);
#4203 = EDGE_LOOP('',(#4204,#4211,#4212));
#4204 = ORIENTED_EDGE('',*,*,#4205,.F.);
#4205 = EDGE_CURVE('',#87,#106,#4206,.T.);
#4206 = CIRCLE('',#4207,1.65);
#4207 = AXIS2_PLACEMENT_3D('',#4208,#4209,#4210);
#4208 = CARTESIAN_POINT('',(24.748737341529,15.891420021395,
    24.74873734153));
#4209 = DIRECTION('',(-0.,1.,0.));
#4210 = DIRECTION('',(0.,0.,1.));
#4211 = ORIENTED_EDGE('',*,*,#137,.F.);
#4212 = ORIENTED_EDGE('',*,*,#129,.T.);
#4213 = CONICAL_SURFACE('',#4214,1.65,1.029744258677);
#4214 = AXIS2_PLACEMENT_3D('',#4215,#4216,#4217);
#4215 = CARTESIAN_POINT('',(24.748737341529,15.891420021395,
    24.74873734153));
#4216 = DIRECTION('',(-0.,1.,-0.));
#4217 = DIRECTION('',(0.,0.,1.));
#4218 = ADVANCED_FACE('',(#4219),#4225,.F.);
#4219 = FACE_BOUND('',#4220,.F.);
#4220 = EDGE_LOOP('',(#4221,#4222,#4223,#4224));
#4221 = ORIENTED_EDGE('',*,*,#1440,.F.);
#4222 = ORIENTED_EDGE('',*,*,#86,.F.);
#4223 = ORIENTED_EDGE('',*,*,#4205,.T.);
#4224 = ORIENTED_EDGE('',*,*,#105,.T.);
#4225 = CYLINDRICAL_SURFACE('',#4226,1.65);
#4226 = AXIS2_PLACEMENT_3D('',#4227,#4228,#4229);
#4227 = CARTESIAN_POINT('',(24.748737341529,25.,24.74873734153));
#4228 = DIRECTION('',(-0.,1.,-0.));
#4229 = DIRECTION('',(0.,0.,1.));
#4230 = ADVANCED_FACE('',(#4231),#4242,.F.);
#4231 = FACE_BOUND('',#4232,.F.);
#4232 = EDGE_LOOP('',(#4233,#4240,#4241));
#4233 = ORIENTED_EDGE('',*,*,#4234,.F.);
#4234 = EDGE_CURVE('',#22,#41,#4235,.T.);
#4235 = CIRCLE('',#4236,1.65);
#4236 = AXIS2_PLACEMENT_3D('',#4237,#4238,#4239);
#4237 = CARTESIAN_POINT('',(24.748737341529,15.891420021395,
    -24.74873734153));
#4238 = DIRECTION('',(-0.,1.,0.));
#4239 = DIRECTION('',(0.,0.,1.));
#4240 = ORIENTED_EDGE('',*,*,#72,.F.);
#4241 = ORIENTED_EDGE('',*,*,#64,.T.);
#4242 = CONICAL_SURFACE('',#4243,1.65,1.029744258677);
#4243 = AXIS2_PLACEMENT_3D('',#4244,#4245,#4246);
#4244 = CARTESIAN_POINT('',(24.748737341529,15.891420021395,
    -24.74873734153));
#4245 = DIRECTION('',(-0.,1.,-0.));
#4246 = DIRECTION('',(0.,0.,1.));
#4247 = ADVANCED_FACE('',(#4248),#4254,.F.);
#4248 = FACE_BOUND('',#4249,.F.);
#4249 = EDGE_LOOP('',(#4250,#4251,#4252,#4253));
#4250 = ORIENTED_EDGE('',*,*,#1430,.F.);
#4251 = ORIENTED_EDGE('',*,*,#21,.F.);
#4252 = ORIENTED_EDGE('',*,*,#4234,.T.);
#4253 = ORIENTED_EDGE('',*,*,#40,.T.);
#4254 = CYLINDRICAL_SURFACE('',#4255,1.65);
#4255 = AXIS2_PLACEMENT_3D('',#4256,#4257,#4258);
#4256 = CARTESIAN_POINT('',(24.748737341529,25.,-24.74873734153));
#4257 = DIRECTION('',(-0.,1.,-0.));
#4258 = DIRECTION('',(0.,0.,1.));
#4259 = ( GEOMETRIC_REPRESENTATION_CONTEXT(3) 
GLOBAL_UNCERTAINTY_ASSIGNED_CONTEXT((#4263)) 
GLOBAL_UNIT_ASSIGNED_CONTEXT((#4260,#4261,#4262)) REPRESENTATION_CONTEXT
('Context #1','3D Context with UNIT and UNCERTAINTY') );
#4260 = ( LENGTH_UNIT() NAMED_UNIT(*) SI_UNIT(.MILLI.,.METRE.) );
#4261 = ( NAMED_UNIT(*) PLANE_ANGLE_UNIT() SI_UNIT($,.RADIAN.) );
#4262 = ( NAMED_UNIT(*) SI_UNIT($,.STERADIAN.) SOLID_ANGLE_UNIT() );
#4263 = UNCERTAINTY_MEASURE_WITH_UNIT(LENGTH_MEASURE(1.E-07),#4260,
  'distance_accuracy_value','confusion accuracy');
#4264 = PRODUCT_RELATED_PRODUCT_CATEGORY('part',$,(#7));
ENDSEC;
END-ISO-10303-21;
